"name","oracle_id","mana_cost","type_line","color_identity","layout","status","reason","semantic_class"
"""Lifetime"" Pass Holder","7bf6f13a-3c90-4bda-bc84-e026828bf4d1","{B}","Creature — Zombie Guest","B","normal","deferred","oracle-needs-explicit-semantics",""
"A Good Day to Pie","92de7cf0-ac3e-46ae-86b2-7d8ebb0276e4","{1}{W}","Instant","W","normal","deferred","spell-needs-explicit-semantics",""
"Aang, Airbending Master","f3176779-74f7-4136-a701-438feeead7a0","{4}{W}","Legendary Creature — Human Avatar Ally","W","normal","deferred","oracle-needs-explicit-semantics",""
"Aang, at the Crossroads // Aang, Destined Savior","96e5d4a1-e59f-4140-823f-a17e15ee5d8d","","Legendary Creature — Human Avatar Ally // Legendary Creature — Avatar Ally","GUW","transform","deferred","double-faced-card-needs-complete-front-semantics",""
"Abby, Merciless Soldier","e05efd01-0202-4bd6-bac6-c6210819d463","{1}{R}{G}","Legendary Creature — Human Survivor","GR","normal","deferred","oracle-needs-explicit-semantics",""
"Abstruse Appropriation","61a23402-3244-4b5e-9134-98e1f82eda65","{2}{W}{B}","Instant","BW","normal","deferred","spell-needs-explicit-semantics",""
"Academy Loremaster","7d540860-ae94-4773-a526-aaffca3eb057","{U}{U}","Creature — Human Wizard","U","normal","deferred","oracle-needs-explicit-semantics",""
"Acererak the Archlich","31b4e85d-89fc-4712-8f05-7ec097b1d3b6","{2}{B}","Legendary Creature — Zombie Wizard","B","normal","deferred","oracle-needs-explicit-semantics",""
"Adarkar Unicorn","287cd5e8-51e2-42a4-a139-c112ff89706d","{1}{W}{W}","Creature — Unicorn","UW","normal","deferred","oracle-needs-explicit-semantics",""
"Advancing the Spirit","c9949a5a-13d4-41ca-80fe-902b0ae71204","{2}{G}","Enchantment","G","normal","deferred","noncreature-needs-explicit-semantics",""
"Adventurers' Guildhouse","bf29b215-d4f5-4641-97ef-b65d4c463e72","","Land","","normal","deferred","land-needs-explicit-semantics",""
"Aegar, the Freezing Flame","592d847e-e3f3-425d-89f9-01ab533ad581","{1}{U}{R}","Legendary Creature — Giant Wizard","RU","normal","deferred","oracle-needs-explicit-semantics",""
"Aerialephant","20046568-b067-49fb-93b4-2ee86421f14b","{3}{W}","Creature — Elephant Performer","W","normal","deferred","oracle-needs-explicit-semantics",""
"Aether Searcher","80ea63fd-691a-45ba-a4bf-862e5ec2922d","{7}","Artifact Creature — Construct","","normal","deferred","oracle-needs-explicit-semantics",""
"Aetherplasm","0cd99210-8d34-4112-8e41-7e8c5d2a95b9","{2}{U}{U}","Creature — Illusion","U","normal","deferred","oracle-needs-explicit-semantics",""
"Agent of Acquisitions","19047c4b-0106-455d-ab71-68cabfae7404","{2}","Artifact Creature — Construct","","normal","deferred","oracle-needs-explicit-semantics",""
"Agrus Kos, Eternal Soldier","3d19823a-dbb8-4384-81f4-5c6818b7f46d","{3}{W}","Legendary Creature — Spirit Soldier","RW","normal","deferred","oracle-needs-explicit-semantics",""
"Ajani, Nacatl Pariah // Ajani, Nacatl Avenger","2588f348-d7a3-46c8-9ace-dca53ed5ef99","","Legendary Creature — Cat Warrior // Legendary Planeswalker — Ajani","RW","transform","deferred","double-faced-card-needs-complete-front-semantics",""
"Alania, Divergent Storm","63d50d5e-56de-44c4-b906-b2a21a56e3f3","{3}{U}{R}","Legendary Creature — Otter Wizard","RU","normal","deferred","oracle-needs-explicit-semantics",""
"Alaundo the Seer","1e048c15-50d6-4313-880a-e04348952a51","{2}{G}{U}","Legendary Creature — Human Shaman","GU","normal","deferred","oracle-needs-explicit-semantics",""
"Alchemist's Gambit","271d8db6-8606-46d7-9812-75aa22fcfd8e","{1}{R}{R}","Sorcery","RU","normal","deferred","spell-needs-explicit-semantics",""
"All Will Be One","477374dc-042c-48f7-9ebe-99c15d8ae04f","{3}{R}{R}","Enchantment","R","normal","deferred","noncreature-needs-explicit-semantics",""
"All-Out Assault","de8c0e2d-3207-4bc6-83ef-91e33b26a981","{2}{R}{W}{B}","Enchantment","BRW","normal","deferred","noncreature-needs-explicit-semantics",""
"Alpine Moon","8b46b50c-f824-4c4e-86de-38065c6f9a64","{R}","Enchantment","R","normal","deferred","noncreature-needs-explicit-semantics",""
"Altaïr Ibn-La'Ahad","43dc4b0c-e437-4abc-a3fb-48bd3098de88","{R}{W}{B}","Legendary Creature — Human Assassin","BRW","normal","deferred","oracle-needs-explicit-semantics",""
"Alter Reality","054c00b4-c940-455a-ad88-b8aa35931ecf","{1}{U}","Instant","U","normal","deferred","spell-needs-explicit-semantics",""
"Ambassador Blorpityblorpboop","183a9488-e21f-448b-8b69-e53b56fa0a56","{3}{G}{U}","Legendary Creature — Alien Advisor Guest","GU","normal","deferred","oracle-needs-explicit-semantics",""
"Amzu, Swarm's Hunger","6777863c-e52c-4a7c-b8d2-a16b1438b3d2","{3}{B}{G}","Legendary Creature — Insect Shaman","BG","normal","deferred","oracle-needs-explicit-semantics",""
"Ancestral Hot Dog Minotaur","481c3bfe-2293-447d-aa03-3ea6ed9321aa","","Stickers","","normal","deferred","noncreature-needs-explicit-semantics",""
"Ancient Adamantoise","e6873252-653a-47a8-99b7-b2ef70aa1f7f","{5}{G}{G}{G}","Creature — Turtle","G","normal","deferred","oracle-needs-explicit-semantics",""
"Ancient Brass Dragon","7d79fb4e-2ca0-404a-9663-1f5abce6e733","{5}{B}{B}","Creature — Elder Dragon","B","normal","deferred","oracle-needs-explicit-semantics",""
"Ancient Bronze Dragon","8ce74097-97b1-493d-9585-bd1336f95927","{5}{G}{G}","Creature — Elder Dragon","G","normal","deferred","oracle-needs-explicit-semantics",""
"Angel of Jubilation","36c2fc4c-7d8b-47c2-91c3-e356df60b219","{1}{W}{W}{W}","Creature — Angel","W","normal","deferred","oracle-needs-explicit-semantics",""
"Animus of Predation","70ff487d-96b3-4322-9975-59bf3c6b517f","{4}{G}","Creature — Avatar","G","normal","deferred","oracle-needs-explicit-semantics",""
"Anzrag's Rampage","ce690a21-8117-420e-be00-cd6d9923a812","{3}{R}{R}","Sorcery","R","normal","deferred","spell-needs-explicit-semantics",""
"Aphetto Dredging","6cb8c627-6b2f-48a7-b2d9-8772defea560","{3}{B}","Sorcery","B","normal","deferred","spell-needs-explicit-semantics",""
"Apple of Eden, Isu Relic","7849426d-895d-4dfe-a94d-b8df634618a5","{4}","Legendary Artifact","","normal","deferred","noncreature-needs-explicit-semantics",""
"Arachnus Spinner","8fea91ee-5849-4c46-8198-fd383d9a55e8","{5}{G}","Creature — Spider","G","normal","deferred","oracle-needs-explicit-semantics",""
"Aragorn, Company Leader","1b841e8f-9484-4737-bd37-dfa11bd06883","{1}{G}{W}","Legendary Creature — Human Ranger","GW","normal","deferred","oracle-needs-explicit-semantics",""
"Araumi of the Dead Tide","1a62ba93-153c-4bed-9f6a-ff914df360c1","{1}{U}{B}","Legendary Creature — Merfolk Wizard","BU","normal","deferred","oracle-needs-explicit-semantics",""
"Arbiter of the Ideal","a6cefecd-459e-439a-a62c-689c2919b689","{4}{U}{U}","Creature — Sphinx","U","normal","deferred","oracle-needs-explicit-semantics",""
"Arboria","acb3e93c-a1d3-458f-b8c3-c426cd359fa4","{2}{G}{G}","World Enchantment","G","normal","deferred","noncreature-needs-explicit-semantics",""
"Arcane Savant","6b8c69ac-1856-4070-9489-798a6b224268","{3}{U}{U}","Creature — Human Wizard","U","normal","deferred","oracle-needs-explicit-semantics",""
"Arcanum Wings","b8cc7a78-a627-4e56-b1fc-0b2bd844ef68","{1}{U}","Enchantment — Aura","U","normal","deferred","noncreature-needs-explicit-semantics",""
"Arcee, Sharpshooter // Arcee, Acrobatic Coupe","9fba3097-d53f-4ea4-b5d2-8adddaa09524","","Legendary Artifact Creature — Robot // Legendary Artifact — Vehicle","RW","transform","deferred","double-faced-card-needs-face-transition-semantics",""
"Archdemon of Paliano","6ca0078f-d6b5-4643-b801-e7a98706f21c","{2}{B}{B}","Creature — Demon","B","normal","deferred","oracle-needs-explicit-semantics",""
"Archmage's Newt","75ffebc4-8db9-4de6-a330-e3f41cdccecc","{1}{U}","Creature — Salamander Mount","U","normal","deferred","oracle-needs-explicit-semantics",""
"Arcum's Whistle","de691eed-d90b-48f9-bae4-f982767f2bfd","{3}","Artifact","","normal","deferred","noncreature-needs-explicit-semantics",""
"Argentum Masticore","3ceee5c2-321c-49ec-ba49-1fac7f6ee2cc","{5}","Artifact Creature — Phyrexian Masticore","","normal","deferred","oracle-needs-explicit-semantics",""
"Argoth, Sanctum of Nature","62648946-1708-48f4-ba40-c057563ab11b","","Land","G","meld","deferred","complex-layout",""
"Arna Kennerüd, Skycaptain","436e7548-f8d5-43af-947d-b382da0d19b3","{2}{W}{U}{B}","Legendary Creature — Human Knight","BUW","normal","deferred","oracle-needs-explicit-semantics",""
"Arni Metalbrow","d799e58a-0032-4df8-a77f-0d824ec15214","{2}{R}","Legendary Creature — Human Berserker","R","normal","deferred","oracle-needs-explicit-semantics",""
"Artificial Evolution","c5ab6dc9-34af-434f-ae8e-b2389ee6c5ae","{U}","Instant","U","normal","deferred","spell-needs-explicit-semantics",""
"Arwen, Mortal Queen","9519a4ea-c4a0-4127-b06a-aac9ffaf7a32","{1}{G}{W}","Legendary Creature — Elf Noble","GW","normal","deferred","oracle-needs-explicit-semantics",""
"Ascendant Spirit","784c039d-a9b2-4b22-a937-c8f7b475e96a","{U}","Snow Creature — Spirit","U","normal","deferred","oracle-needs-explicit-semantics",""
"Ashiok, Wicked Manipulator","67d66678-a8e6-4f80-bade-1f1daf4b0610","{3}{B}{B}","Legendary Planeswalker — Ashiok","B","normal","deferred","noncreature-needs-explicit-semantics",""
"Asmodeus the Archfiend","1e4032f6-9741-4845-9325-781c9e489172","{4}{B}{B}","Legendary Creature — Devil God","B","normal","deferred","oracle-needs-explicit-semantics",""
"Asmoranomardicadaistinaculdacar","1f74e26f-5cf3-4b0e-bcc6-f858599474fc","","Legendary Creature — Human Wizard","BR","normal","deferred","oracle-needs-explicit-semantics",""
"Auratouched Mage","3c7ffc6c-88be-4127-a673-fba8c1aa5fa1","{5}{W}","Creature — Human Wizard","W","normal","deferred","oracle-needs-explicit-semantics",""
"Aurelia's Vindicator","4f452ce7-1166-4810-afed-ea5e156a6f52","{2}{W}{W}","Creature — Angel","W","normal","deferred","oracle-needs-explicit-semantics",""
"Aurora Awakener","cf9d13e2-bdcc-4c66-95ad-654ef795dbd3","{6}{G}","Creature — Giant Druid","G","normal","deferred","oracle-needs-explicit-semantics",""
"Autumn's Veil","03f5946b-e000-4b39-a49f-1c31668b51bd","{G}","Instant","G","normal","deferred","spell-needs-explicit-semantics",""
"Avacyn, Guardian Angel","6da0b6d2-3c5e-49ef-9264-076269c04744","{2}{W}{W}{W}","Legendary Creature — Angel","W","normal","deferred","oracle-needs-explicit-semantics",""
"Avatar Aang // Aang, Master of Elements","b4872bac-5822-4c35-9b73-38c4e3ffa477","","Legendary Creature — Human Avatar Ally // Legendary Creature — Avatar Ally","BGRUW","transform","deferred","double-faced-card-needs-complete-front-semantics",""
"Avatar's Wrath","e3431dae-969c-4896-9f9e-a80e7bec4bdf","{2}{W}{W}","Sorcery","W","normal","deferred","spell-needs-explicit-semantics",""
"Aven Interrupter","d31fd12f-b4dd-4bc3-ace4-703dabd0f607","{1}{W}{W}","Creature — Bird Rogue","W","normal","deferred","oracle-needs-explicit-semantics",""
"Averna, the Chaos Bloom","23695bc2-86d3-4d78-b374-9e83c4cc9cc4","{G}{U}{R}","Legendary Creature — Elemental Shaman","GRU","normal","deferred","oracle-needs-explicit-semantics",""
"Awesome Presence","d6efff61-2087-4f48-a8a8-6c465190dad9","{U}","Enchantment — Aura","U","normal","deferred","noncreature-needs-explicit-semantics",""
"Ayesha Tanaka","35e4ed0e-8ce2-4729-a009-0d6be8f47663","{W}{W}{U}{U}","Legendary Creature — Human Artificer","UW","normal","deferred","oracle-needs-explicit-semantics",""
"Azra Bladeseeker","ac4d065e-7eb6-4224-8a7c-e57f2c1a2733","{2}{R}","Creature — Azra Warrior","R","normal","deferred","oracle-needs-explicit-semantics",""
"Azula, Cunning Usurper","7c9e351d-2e6c-4050-9c3d-b15bb9255a4d","{2}{U}{B}{B}","Legendary Creature — Human Noble Rogue","BU","normal","deferred","oracle-needs-explicit-semantics",""
"Azula, Ruthless Firebender","7139ead5-86f0-46ae-8a6d-ad66d0408f73","{2}{B}","Legendary Creature — Human Noble","B","normal","deferred","oracle-needs-explicit-semantics",""
"Azure Beastbinder","7bb51602-60e8-4730-b11c-2870d6b42e20","{1}{U}","Creature — Rat Rogue","U","normal","deferred","oracle-needs-explicit-semantics",""
"Baaallerina","3bf3e503-0628-4550-84a9-7c1dd0a97457","{3}{U}","Creature — Sheep Performer","U","normal","deferred","oracle-needs-explicit-semantics",""
"Backdraft","80734bb0-5032-4355-9304-49f4a4557aba","{1}{R}","Instant","R","normal","deferred","spell-needs-explicit-semantics",""
"Balduvian Fallen","3f60a7ce-c714-4e87-a2d9-3710f2d610fa","{3}{B}","Creature — Zombie","BR","normal","deferred","oracle-needs-explicit-semantics",""
"Balduvian Shaman","3354c3d3-5713-4139-beb2-4fa17f6b47d9","{U}","Creature — Human Cleric Shaman","U","normal","deferred","oracle-needs-explicit-semantics",""
"Balduvian Warlord","f73d1525-ab0b-4772-9dfa-66e1c84c3ea4","{3}{R}","Creature — Human Barbarian","R","normal","deferred","oracle-needs-explicit-semantics",""
"Balloon Stand","abb6f51b-2a14-44ac-8c19-e135c9deb1ea","","Artifact — Attraction","","normal","deferred","noncreature-needs-explicit-semantics",""
"Ballot Broker","e8df915f-f509-4c6c-9261-a5a16c3f06c5","{2}{W}","Creature — Human Advisor","W","normal","deferred","oracle-needs-explicit-semantics",""
"Balor","6f931c1e-f1d2-4dc7-a653-c29adfc8fb2c","{3}{R}{R}","Creature — Demon","R","normal","deferred","oracle-needs-explicit-semantics",""
"Balthier and Fran","570cb560-c246-4652-b230-ab34f966c78a","{1}{R}{G}","Legendary Creature — Human Rabbit","GR","normal","deferred","oracle-needs-explicit-semantics",""
"Bamboozling Beeble","b8645fe4-884b-4511-b138-ea4ba2eee943","{U}","Creature — Beeble","U","normal","deferred","oracle-needs-explicit-semantics",""
"Bane, Lord of Darkness","ca507eea-1b04-4488-813e-ca970640e227","{1}{W}{U}{B}","Legendary Creature — God","BUW","normal","deferred","oracle-needs-explicit-semantics",""
"Barbarian Guides","ef8c324a-582b-401e-add1-1985c5596908","{2}{R}","Creature — Human Barbarian","R","normal","deferred","oracle-needs-explicit-semantics",""
"Baron Helmut Zemo","0fe6c042-1182-4392-8938-fee36149d74f","{B}{B}{B}","Legendary Creature — Human Noble Villain","B","normal","deferred","oracle-needs-explicit-semantics",""
"Basalt Golem","9155f78e-0ccc-4e08-ae79-ef5b2db1183f","{5}","Artifact Creature — Golem","","normal","deferred","oracle-needs-explicit-semantics",""
"Bat Colony","c2022f95-2c26-4a2a-b83b-60efa937cdde","{2}{W}","Enchantment","W","normal","deferred","noncreature-needs-explicit-semantics",""
"Baton of Morale","879011c6-550e-4e33-a664-fffb655321d9","{2}","Artifact","","normal","deferred","noncreature-needs-explicit-semantics",""
"Battering Ram","e7b91fba-8d96-4040-95e8-f0023b65c497","{2}","Artifact Creature — Construct","","normal","deferred","oracle-needs-explicit-semantics",""
"Battlefield Scrounger","92ac7531-10bb-47a2-9dd0-378d547b4ed6","{3}{G}{G}","Creature — Centaur","G","normal","deferred","oracle-needs-explicit-semantics",""
"Beamsplitter Mage","fa09e18c-e7cf-4f08-9cc4-324e36594063","{U}{R}","Creature — Vedalken Wizard","RU","normal","deferred","oracle-needs-explicit-semantics",""
"Beast Walkers","68dfc626-66d5-4a40-9410-2b15676ebcec","{1}{W}{W}","Creature — Human Beast Soldier","GW","normal","deferred","oracle-needs-explicit-semantics",""
"Become Anonymous","bac0fcee-9c1a-46b7-86c8-ffbfcc1e96de","{2}{U}{U}","Instant","U","normal","deferred","spell-needs-explicit-semantics",""
"Benalish Infantry","543af1f4-f93f-4c7f-a067-ad2db599a4ae","{2}{W}","Creature — Human Soldier","W","normal","deferred","oracle-needs-explicit-semantics",""
"Benediction of Moons","3ff2fc3c-0871-4ba7-9b7c-8634ec770d6b","{W}","Sorcery","W","normal","deferred","spell-needs-explicit-semantics",""
"Bewitching Leechcraft","a5d803bc-7fd4-4570-8cd6-cb138727a66e","{1}{U}","Enchantment — Aura","U","normal","deferred","noncreature-needs-explicit-semantics",""
"Biblioplex Tomekeeper","08a0e845-9ef9-4de1-b9fe-4530357346ca","{4}","Artifact Creature — Construct","","normal","deferred","oracle-needs-explicit-semantics",""
"Big Winner","b181f5f7-d857-4ed0-996c-bb65b37bfb1b","{3}{R}","Creature — Ogre Warrior Guest","R","normal","deferred","oracle-needs-explicit-semantics",""
"Bill Ferny, Bree Swindler","ebbe5d82-a7a4-4f4b-b038-095021d9a6a8","{1}{U}","Legendary Creature — Human Rogue","U","normal","deferred","oracle-needs-explicit-semantics",""
"Bioluminary","fb8b8c58-7bdc-4daa-b48b-728a26e174dd","{2}{U}","Creature — Merfolk Performer","U","normal","deferred","oracle-needs-explicit-semantics",""
"Biomancer's Familiar","923d44a9-774d-459c-9cec-1d5b081b51f0","{G}{U}","Creature — Mutant","GU","normal","deferred","oracle-needs-explicit-semantics",""
"Bite of the Black Rose","4db04e23-e1da-4c41-9dba-5502dfff73fb","{3}{B}","Sorcery","B","normal","deferred","spell-needs-explicit-semantics",""
"Bitter Ordeal","c02fdb2e-10bb-49fc-bce0-b31b6fad8e38","{2}{B}","Sorcery","B","normal","deferred","spell-needs-explicit-semantics",""
"Black Cat, Cunning Thief","f5cdb413-2b72-4dc6-b93d-2532ac2ae568","{3}{B}{B}","Legendary Creature — Human Rogue Villain","B","normal","deferred","oracle-needs-explicit-semantics",""
"Black Hole","25783439-9b22-4882-a7c2-e0b1fc2f7ec6","{3}{B}","Sorcery","B","normal","deferred","spell-needs-explicit-semantics",""
"Black Widow, Super Spy","579f9a86-a1af-4c2a-a7e5-8fea0bd0eb61","{1}{B}","Legendary Creature — Human Spy Hero","B","normal","deferred","oracle-needs-explicit-semantics",""
"Blade of the Swarm","33042d12-f08b-4b3e-b106-c424ef868c13","{3}{B}","Creature — Insect Assassin","B","normal","deferred","oracle-needs-explicit-semantics",""
"Bladecoil Serpent","e469bb22-57f1-4555-b3c0-9ea108e6cc12","{X}{6}","Artifact Creature — Serpent","BRU","normal","deferred","oracle-needs-explicit-semantics",""
"Bladegraft Aspirant","644c785d-3061-44bc-9f78-bc939c565bf4","{2}{R}","Creature — Phyrexian Warrior","R","normal","deferred","oracle-needs-explicit-semantics",""
"Blaster, Combat DJ // Blaster, Morale Booster","59c2af34-a2e5-4c67-af2d-a782e41a8e1e","","Legendary Artifact Creature — Robot // Legendary Artifact","GR","transform","deferred","double-faced-card-needs-complete-front-semantics",""
"Blazing Effigy","7879b37c-5e2a-4945-9378-47744b715a6c","{1}{R}","Creature — Elemental","R","normal","deferred","oracle-needs-explicit-semantics",""
"Blessing of Frost","240d650b-97ea-40ad-8c1b-fe1ea52d861f","{3}{G}","Snow Sorcery","G","normal","deferred","spell-needs-explicit-semantics",""
"Blood Sun","1534d90f-fc88-42dc-bf01-8b0986485e78","{2}{R}","Enchantment","R","normal","deferred","noncreature-needs-explicit-semantics",""
"Bludgeon Brawl","a9aa3bc7-db5a-4792-a53a-40acb6ca4b20","{2}{R}","Enchantment","R","normal","deferred","noncreature-needs-explicit-semantics",""
"Bolas's Citadel","2bd111bb-ce02-414c-b5b7-e0e037d8d96b","{3}{B}{B}{B}","Legendary Artifact","B","normal","deferred","noncreature-needs-explicit-semantics",""
"Bolg of the North","88522a0f-5377-4522-97f4-4148bef954af","{3}{B}{R}","Legendary Creature — Goblin Soldier","BR","normal","deferred","oracle-needs-explicit-semantics",""
"Bomb Squad","f2ecb354-8f79-4c39-989e-7aa37ec75154","{3}{R}","Creature — Dwarf","R","normal","deferred","oracle-needs-explicit-semantics",""
"Bone Shaman","690ba846-964e-44ba-8637-9a1ce62f5931","{2}{R}{R}","Creature — Giant Shaman","BR","normal","deferred","oracle-needs-explicit-semantics",""
"Bonehoard Dracosaur","7ba550a5-81fc-42c2-8df8-ad455d938605","{3}{R}{R}","Creature — Dinosaur Dragon","R","normal","deferred","oracle-needs-explicit-semantics",""
"Boonweaver Giant","79eed0c6-1853-4032-9d12-aebf5e15e78c","{6}{W}","Creature — Giant Monk","W","normal","deferred","oracle-needs-explicit-semantics",""
"Borborygmos and Fblthp","22d9eef5-0f86-4d1a-bde0-65b990d4be75","{2}{G}{U}{R}","Legendary Creature — Cyclops Homunculus","GRU","normal","deferred","oracle-needs-explicit-semantics",""
"Bounce Chamber","b0b9d116-6776-40eb-8191-50fa570419eb","","Artifact — Attraction","","normal","deferred","noncreature-needs-explicit-semantics",""
"Brago's Representative","8877b896-8458-4828-9ff6-9e0ecc180cf7","{2}{W}","Creature — Human Advisor","W","normal","deferred","oracle-needs-explicit-semantics",""
"Brass's Tunnel-Grinder // Tecutlan, the Searing Rift","af1553eb-4f9f-4335-9078-56649bd8d8fc","","Legendary Artifact // Legendary Land — Cave","R","transform","deferred","double-faced-card-needs-complete-back-semantics",""
"Brazen Cannonade","b9212658-8406-489f-80d6-7af42df8956c","{3}{R}","Enchantment","R","normal","deferred","noncreature-needs-explicit-semantics",""
"Break the Ice","22ec98d2-0ac5-48a2-b48b-c6a98f35ecf0","{B}{B}","Sorcery","B","normal","deferred","overload-body-needs-complete-semantics",""
"Breeches, the Blastmaker","8514f20a-50c7-4319-84cb-2bf263548234","{1}{U}{R}","Legendary Creature — Goblin Pirate","RU","normal","deferred","oracle-needs-explicit-semantics",""
"Bronzehide Lion","0db3b29e-e21c-4240-8e5e-959ba6bcf706","{G}{W}","Creature — Cat","GW","normal","deferred","oracle-needs-explicit-semantics",""
"Brothers Yamazaki","5c820811-1775-4ea4-b003-721750a4d90f","{2}{R}","Legendary Creature — Human Samurai","R","normal","deferred","oracle-needs-explicit-semantics",""
"Brutal Suppression","b4971aa3-32d1-4bc7-8133-ed67763d2dc6","{R}","Enchantment","R","normal","deferred","noncreature-needs-explicit-semantics",""
"Bullseye, Death Dealer","10db57b4-f895-4514-b610-2252ba676353","{2}{B/R}","Legendary Creature — Human Assassin Villain","BR","normal","deferred","oracle-needs-explicit-semantics",""
"Bumi, King of Three Trials","f7493bcf-5c17-4562-a759-37082ec49ff8","{5}{G}","Legendary Creature — Human Noble Ally","G","normal","deferred","oracle-needs-explicit-semantics",""
"Bumi, Unleashed","1fef13d8-5da2-46a6-91ed-7a31bd46e538","{3}{R}{G}","Legendary Creature — Human Noble Ally","GR","normal","deferred","oracle-needs-explicit-semantics",""
"Bumper Cars","f2fe3d93-77f0-400f-85f1-dc6e84111bff","","Artifact — Attraction","","normal","deferred","noncreature-needs-explicit-semantics",""
"Burning Wish","13a884b5-8970-4d71-9082-a8b6c8db9a01","{1}{R}","Sorcery","R","normal","deferred","spell-needs-explicit-semantics",""
"Burning-Rune Demon","d551fae8-6b40-4118-b9db-29d2f5dff405","{4}{B}{B}","Creature — Demon Berserker","B","normal","deferred","oracle-needs-explicit-semantics",""
"Butcher Orgg","6656d47a-9490-46ee-a6ed-7cbcab7539c8","{4}{R}{R}{R}","Creature — Orgg","R","normal","deferred","oracle-needs-explicit-semantics",""
"Calamity, Galloping Inferno","eb37496e-374f-41b9-bd52-f52f37bdac31","{4}{R}{R}","Legendary Creature — Horse Mount","R","normal","deferred","oracle-needs-explicit-semantics",""
"Calix, Guided by Fate","1bcc8ca6-5fd0-4fc9-8f0c-f81d8abf9249","{1}{G}{W}","Legendary Enchantment Creature — Human Druid","GW","normal","deferred","oracle-needs-explicit-semantics",""
"Caller of the Untamed","da81d8ad-b2f8-4d7c-bc41-749c95c967b5","{3}{G}","Creature — Elf Shaman","G","normal","deferred","oracle-needs-explicit-semantics",""
"Callous Oppressor","de14f6a9-1c62-42e9-b174-3e8b1080e0dc","{1}{U}{U}","Creature — Octopus","U","normal","deferred","oracle-needs-explicit-semantics",""
"Camel","d33b3591-c01f-4ac4-8626-7cbfdabaf90d","{W}","Creature — Camel","W","normal","deferred","oracle-needs-explicit-semantics",""
"Camouflage","9cf44db4-627a-4197-9588-6da72e41f03d","{G}","Instant","G","normal","deferred","spell-needs-explicit-semantics",""
"Canal Dredger","bb6bda0d-ddb8-47fa-be07-bbcd73a52830","{4}","Artifact Creature — Construct","","normal","deferred","oracle-needs-explicit-semantics",""
"Capital Punishment","c2902f4f-b40e-49f7-8ab0-5b6a70021482","{4}{B}{B}","Sorcery","B","normal","deferred","spell-needs-explicit-semantics",""
"Capricious Hellraiser","eb7b024c-da9b-4544-8648-0ac0395cf7fc","{3}{R}{R}{R}","Creature — Phyrexian Dragon","R","normal","deferred","oracle-needs-explicit-semantics",""
"Captain America, First Avenger","7d038055-035d-4698-b6b6-e2859bf2f1d1","{R}{W}{U}","Legendary Creature — Human Soldier Hero","RUW","normal","deferred","oracle-needs-explicit-semantics",""
"Captain America, Super-Soldier","ac1b6ffc-12a9-4d9c-a9fc-68a839a40738","{1}{W}{W}","Legendary Creature — Human Soldier Hero","W","normal","deferred","oracle-needs-explicit-semantics",""
"Captain Howler, Sea Scourge","46c99d67-8307-4af0-afd0-377714806614","{2}{U}{R}","Legendary Creature — Shark Pirate","RU","normal","deferred","oracle-needs-explicit-semantics",""
"Captain Rex Nebula","984adc49-421b-488f-b316-ed7323c5735b","{1}{R}{W}","Legendary Creature — Human Pilot Employee","RW","normal","deferred","unbound-target-damage-source",""
"Captured by the Consulate","da164485-c985-42fa-819e-42f0d33237c5","{3}{W}","Enchantment — Aura","W","normal","deferred","noncreature-needs-explicit-semantics",""
"Carnage, Crimson Chaos","c0efafc6-8ffb-4908-ae64-3f391722370a","{2}{B}{R}","Legendary Creature — Symbiote Villain","BR","normal","deferred","oracle-needs-explicit-semantics",""
"Carnival Carnivore","ba5bc14b-db2c-4561-a6a4-a02443791260","{5}{B}","Creature — Alien Crab Horror","B","normal","deferred","oracle-needs-explicit-semantics",""
"Carnival Elephant Meteor","7e06b7b4-22c1-4e5b-81ee-54ab5ac756eb","","Stickers","","normal","deferred","noncreature-needs-explicit-semantics",""
"Carth the Lion","e0709843-0a91-4a21-9512-d7481707f3c9","{2}{B}{G}","Legendary Creature — Human Warrior","BG","normal","deferred","oracle-needs-explicit-semantics",""
"Case File Auditor","8c612741-2b30-43b3-bd3f-7df19662d298","{2}{W}","Creature — Human Detective","W","normal","deferred","oracle-needs-explicit-semantics",""
"Casey & Raph, Hotheads","f20a5297-31ba-4bbd-810e-be23175a116f","{4}{R}","Legendary Creature — Mutant Ninja Human Turtle","R","normal","deferred","oracle-needs-explicit-semantics",""
"Cathedral of Serra","4b9922b9-c5b5-467e-8a5b-1e45e862194d","","Land","","normal","deferred","land-needs-explicit-semantics",""
"Caustic Bronco","165bdc68-1da0-47db-a069-978fc4c04b3f","{1}{B}","Creature — Snake Horse Mount","B","normal","deferred","oracle-needs-explicit-semantics",""
"Caves of Chaos Adventurer","e4d2dcbb-9910-482e-9e46-dfed2097509b","{3}{R}","Creature — Human Barbarian","R","normal","deferred","oracle-needs-explicit-semantics",""
"Celebr-8000","058f74f6-eeed-4ee8-8574-f95fea8d8f14","{5}","Artifact Creature — Clown Robot","","normal","deferred","oracle-needs-explicit-semantics",""
"Celestial Dawn","b4d27fad-9a94-4760-80a6-6a2948109864","{1}{W}{W}","Enchantment","W","normal","deferred","noncreature-needs-explicit-semantics",""
"Celestial Reunion","ba0a815c-1dfe-47c1-890f-496c670124f3","{X}{G}","Sorcery","G","normal","deferred","spell-needs-explicit-semantics",""
"Cemetery Desecrator","85e9a43e-5676-4d12-ac27-e8cf57307d5e","{4}{B}{B}","Creature — Zombie","B","normal","deferred","oracle-needs-explicit-semantics",""
"Cemetery Illuminator","14fe4531-96cd-415b-aa4a-b41fd271d902","{1}{U}{U}","Creature — Spirit","U","normal","deferred","oracle-needs-explicit-semantics",""
"Centaur of Attention","d9590455-974f-4b7c-a1ec-fd52e3ba0618","{3}{G}{G}","Creature — Centaur Performer","G","normal","deferred","oracle-needs-explicit-semantics",""
"Cephalid Snitch","15093579-8258-41d2-9738-aaa7e3824c40","{1}{U}","Creature — Octopus Wizard","U","normal","parser-eligible-unimported","requires-import-and-executable-proof","creature-template"
"Chain of Silence","d7b476ed-fc50-4804-8375-488a9e2ab184","{1}{W}","Instant","W","normal","deferred","spell-needs-explicit-semantics",""
"Chandra, Pyromaster","68e12748-9a7b-4e99-a6de-be097a269342","{2}{R}{R}","Legendary Planeswalker — Chandra","R","normal","deferred","noncreature-needs-explicit-semantics",""
"Chaos Lord","16d0aea2-4ca4-4a9d-8674-2863e085f514","{4}{R}{R}{R}","Creature — Human","R","normal","deferred","oracle-needs-explicit-semantics",""
"Charmed Pendant","12469cb5-a383-47ab-84cd-414b9ced8a8c","{4}","Artifact","","normal","deferred","noncreature-needs-explicit-semantics",""
"Cheering Crowd","e11839d5-99fe-4cc8-802e-be669ad274ee","{1}{R/G}","Creature — Human Citizen","GR","normal","deferred","oracle-needs-explicit-semantics",""
"Chef's Kiss","3d177c04-9aa3-44b8-bbe4-df5de23a4ce6","{1}{R}{R}","Instant","R","normal","deferred","spell-needs-explicit-semantics",""
"Cherished Hatchling","bd7111bc-9b8f-4c4b-b61c-7841a857ce6b","{1}{G}","Creature — Dinosaur","G","normal","deferred","oracle-needs-explicit-semantics",""
"Chicken Troupe","68982532-c0c8-477b-9dd4-180c6d22731e","{1}{G}","Creature — Bird Performer","G","normal","deferred","oracle-needs-explicit-semantics",""
"Chiss-Goria, Forge Tyrant","3f4d1ae1-d5c6-4afb-94c8-8e0ae4891501","{6}{R}{R}{R}","Legendary Creature — Dragon","R","normal","deferred","oracle-needs-explicit-semantics",""
"Chittering Host","6923cf6b-7d3e-4d95-abaf-1df1a04ac7c1","","Creature — Eldrazi Horror","B","meld","deferred","complex-layout",""
"Choco, Seeker of Paradise","7979bf83-5091-4e62-8885-ca1833a97306","{1}{G}{W}{U}","Legendary Creature — Bird","GUW","normal","deferred","oracle-needs-explicit-semantics",""
"Chong and Lily, Nomads","faffc9fb-32b3-4015-8c3f-e6b45002c050","{3}{R}","Legendary Creature — Human Bard Ally","R","normal","deferred","oracle-needs-explicit-semantics",""
"Chorale of the Void","cd50bff0-c461-4023-b62a-6746eaaeab0e","{3}{B}","Enchantment — Aura","B","normal","deferred","noncreature-needs-explicit-semantics",""
"Choreographed Sparks","61495793-b0c7-40a5-ad3e-9df8e2b8096b","{R}{R}","Instant","R","normal","deferred","spell-needs-explicit-semantics",""
"Chthonian Nightmare","c7a360f5-725e-4864-93cc-87f96f95975e","{1}{B}","Enchantment","B","normal","deferred","noncreature-needs-explicit-semantics",""
"Clandestine Chameleon","886e00ab-c694-4839-b3fb-7a72048db4b2","{3}{G}","Creature — Lizard Guest","G","normal","deferred","oracle-needs-explicit-semantics",""
"Clay Champion","80920ac0-2bbe-4439-a937-282f63e23141","{X}{4}","Artifact Creature — Construct","GW","normal","deferred","oracle-needs-explicit-semantics",""
"Clergy of the Holy Nimbus","66566999-f70a-4f14-9bf0-23325295a977","{W}","Creature — Human Cleric","W","normal","deferred","oracle-needs-explicit-semantics",""
"Clive, Ifrit's Dominant // Ifrit, Warden of Inferno","ceba3d03-be5a-4dd7-b829-7db216a0f44e","","Legendary Creature — Human Noble Warrior // Legendary Enchantment Creature — Saga Demon","R","transform","deferred","double-faced-card-needs-complete-back-semantics",""
"Cloak and Dagger, Entwined","64132f93-66ac-4794-8c07-a88f9ed0e22b","{1}{W}{B}","Legendary Creature — Human Hero","BW","normal","deferred","oracle-needs-explicit-semantics",""
"Cloudsteel Kirin","a34a71eb-26a4-4e37-8d3c-a0352bea491b","{2}{W}","Artifact Creature — Equipment Kirin","W","normal","deferred","oracle-needs-explicit-semantics",""
"Clown Extruder","71da6074-227a-4561-be1f-13477266f2be","","Artifact — Attraction","","normal","deferred","noncreature-needs-explicit-semantics",""
"Coalition Flag","b45a0a2f-39fd-47b9-bc9d-3d4321b377d3","{W}","Enchantment — Aura","W","normal","deferred","noncreature-needs-explicit-semantics",""
"Coalition Honor Guard","c95cebf7-c28c-4453-b5e4-e895d621f290","{3}{W}","Creature — Human Flagbearer","W","normal","deferred","oracle-needs-explicit-semantics",""
"Coax from the Blind Eternities","63488c95-c249-40d8-a579-3ca311ed57ca","{2}{U}","Sorcery","U","normal","deferred","spell-needs-explicit-semantics",""
"Codie, Ravenous Codex","a17e414c-8de0-47fd-bcbc-540c7fec7642","{3}","Legendary Artifact Creature — Book Construct","BGRUW","normal","deferred","oracle-needs-explicit-semantics",""
"Codie, Vociferous Codex","67a9357c-4713-4e01-a60d-532bf0dd80b6","{3}","Legendary Artifact Creature — Book Construct","BGRUW","normal","deferred","oracle-needs-explicit-semantics",""
"Cogwork Grinder","f10898a5-87ec-4a30-a383-9f9bcba3e4d0","{6}","Artifact Creature — Construct","","normal","deferred","oracle-needs-explicit-semantics",""
"Cogwork Librarian","ec0d964e-ca2c-4252-8551-cf1916576653","{4}","Artifact Creature — Construct","","normal","deferred","oracle-needs-explicit-semantics",""
"Cogwork Spy","adfd33cb-086c-48f4-b443-ba971ff43684","{3}","Artifact Creature — Bird Construct","","normal","deferred","oracle-needs-explicit-semantics",""
"Cogwork Tracker","c60ba5e9-dbfa-441b-a96f-9cc7fdfd2d76","{4}","Artifact Creature — Dog Construct","","normal","deferred","oracle-needs-explicit-semantics",""
"Colossal Skyturtle","871e4c4e-8105-4cb9-b1cd-53c5f8e64494","{4}{G}{G}{U}","Enchantment Creature — Turtle","GU","normal","deferred","conflicting-hand-abilities",""
"Comet, Stellar Pup","e7c67480-1816-4071-9eab-a1d1b535a344","{2}{R}{W}","Legendary Planeswalker — Comet","RW","normal","deferred","noncreature-needs-explicit-semantics",""
"Coming Attraction","5d9c7ca4-f735-4bee-b03f-4c0c76ee48ed","{2}{G}","Sorcery","G","normal","deferred","spell-needs-explicit-semantics",""
"Command Performance","f6c079cd-69c2-4da4-ba41-91844a4d2f06","{1}{U}","Sorcery","U","normal","deferred","spell-needs-explicit-semantics",""
"Command the Stage","13bfc51f-d079-40ef-a4ba-47d06d3150a3","{2}{R}","Sorcery","R","normal","deferred","spell-needs-explicit-semantics",""
"Commander Liara Portyr","fcc7ed01-ff64-4ffe-9b83-daa4132fd92d","{3}{R}{W}","Legendary Creature — Human Soldier","RW","normal","deferred","oracle-needs-explicit-semantics",""
"Complaints Clerk","018627e1-ba32-4452-b3d1-6c2a39759aff","{3}{W}","Creature — Sloth Beast Employee","W","normal","deferred","oracle-needs-explicit-semantics",""
"Concession Stand","2559fe2d-92b9-43c8-b538-d424df25eae8","","Artifact — Attraction","","normal","deferred","noncreature-needs-explicit-semantics",""
"Cone of Cold","56fd0752-9fb0-4c05-90e5-c3b268b57c6f","{3}{U}","Sorcery","U","normal","deferred","spell-needs-explicit-semantics",""
"Confusion in the Ranks","e477abb9-9b99-48a8-8c09-07b120b72540","{3}{R}{R}","Enchantment","R","normal","deferred","noncreature-needs-explicit-semantics",""
"Conspiracy Unraveler","e4541d02-2860-46ef-b630-1d6307b60766","{5}{U}{U}","Creature — Sphinx Detective","U","normal","deferred","oracle-needs-explicit-semantics",""
"Construct a Cosmic Cube","369aa9a6-af8a-432c-adff-ced2bb203dc7","{2}{B}","Enchantment — Plan","B","normal","deferred","noncreature-needs-explicit-semantics",""
"Contortionist Otter Storm","67624a72-aa18-4b0c-a2cb-77e56499944a","","Stickers","","normal","deferred","noncreature-needs-explicit-semantics",""
"Cool Fluffy Loxodon","ba2bb276-b7ef-46ec-9618-2cf4d60c70a6","","Stickers","","normal","deferred","noncreature-needs-explicit-semantics",""
"Cooperation","19f7a0f2-aa3f-4253-be44-b08056918a26","{2}{W}","Enchantment — Aura","W","normal","deferred","noncreature-needs-explicit-semantics",""
"Corpse Appraiser","bd3cdd9b-aa67-4bf5-80c8-53574d2c221e","{U}{B}{R}","Creature — Vampire Rogue","BRU","normal","deferred","oracle-needs-explicit-semantics",""
"Cosmos Charger","603e518c-8f12-432c-ae03-790db5be77bf","{3}{U}","Creature — Horse Spirit","U","normal","deferred","oracle-needs-explicit-semantics",""
"Costume Shop","24c52448-03f2-43cd-9172-487384baeb18","","Artifact — Attraction","","normal","deferred","noncreature-needs-explicit-semantics",""
"Council Guardian","4f212675-e34d-4387-a125-e17b25757083","{5}{W}","Creature — Giant Soldier","W","normal","deferred","oracle-needs-explicit-semantics",""
"Courageous Resolve","3f7452aa-b075-47d9-b61f-061d61c7d1b4","{2}{W}","Instant","W","normal","deferred","spell-needs-explicit-semantics",""
"Coveted Falcon","4c495e94-3194-47c7-8129-dd0a0f915daa","{1}{U}{U}","Artifact Creature — Bird","U","normal","deferred","oracle-needs-explicit-semantics",""
"Crabomination","5c26c30b-bc4a-4d20-8406-ef9022256e0d","{4}{B}{B}","Creature — Crab Demon","B","normal","deferred","oracle-needs-explicit-semantics",""
"Crackling Emergence","c984787c-f883-42c9-ae5d-9277c84dba01","{1}{R}","Enchantment — Aura","R","normal","deferred","noncreature-needs-explicit-semantics",""
"Crashing Wave","c8d3936f-4c08-4ffe-83c9-7ed26fb8f9cd","{U}{U}","Sorcery","U","normal","deferred","spell-needs-explicit-semantics",""
"Croakid Amphibonaut","8b1796d2-5b19-48ab-8699-01f45d427498","{4}{U}","Creature — Frog Guest","U","normal","deferred","oracle-needs-explicit-semantics",""
"Cry of Contrition","2b455d6a-dfee-4828-8873-094caf85c584","{B}","Sorcery","B","normal","deferred","spell-needs-explicit-semantics",""
"Cry of the Carnarium","1b9a5170-39c0-4cbf-a041-f3c15f1359ae","{1}{B}{B}","Sorcery","B","normal","deferred","spell-needs-explicit-semantics",""
"Cryptic Cruiser","ae7cfdb8-b0f2-46d7-b847-9a760ddbe028","{3}{U}","Creature — Eldrazi Processor","U","normal","deferred","oracle-needs-explicit-semantics",""
"Cryptic Spires","6d6a25fb-0432-4c7d-b0e6-e787ddc71218","","Land","","normal","deferred","land-needs-explicit-semantics",""
"Crystal Spray","fe371e3a-976f-41d8-ad58-4b3b61415d71","{2}{U}","Instant","U","normal","deferred","spell-needs-explicit-semantics",""
"Cultivator Drone","6e62d553-d0d0-400e-a423-f0c3c1fdc911","{2}{U}","Creature — Eldrazi Drone","U","normal","deferred","oracle-needs-explicit-semantics",""
"Cunning Giant","4f94ce97-5b2d-42fb-ac8e-c64075fe1af2","{5}{R}","Creature — Giant","R","normal","deferred","oracle-needs-explicit-semantics",""
"Cunning Wish","bdf80a55-b524-4d17-9be8-a0005403a0e7","{2}{U}","Instant","U","normal","deferred","spell-needs-explicit-semantics",""
"Curse of Leeches // Leeching Lurker","44eb0caa-ba16-49e4-915c-bd5e1ce770e6","","Enchantment — Aura Curse // Creature — Leech Horror","B","transform","deferred","double-faced-card-needs-complete-front-semantics",""
"Curse of the Cabal","cafede0d-aa14-4266-b619-321ac756262d","{9}{B}","Sorcery","B","normal","deferred","spell-needs-explicit-semantics",""
"Cursecloth Wrappings","d9c4996a-35eb-4d38-9680-57d9d039ed82","{2}{B}{B}","Artifact","B","normal","deferred","noncreature-needs-explicit-semantics",""
"Cursed Firebreathing Yogurt","535fd365-19f4-4861-8f86-d814650355e9","","Stickers","","normal","deferred","noncreature-needs-explicit-semantics",""
"Custodi Peacekeeper","abd78909-72dc-4d36-8990-39995fd071da","{2}{W}","Creature — Human Cleric","W","normal","deferred","oracle-needs-explicit-semantics",""
"Cyclonus, the Saboteur // Cyclonus, Cybertronian Fighter","7ead01b9-def3-4f9d-a860-af64e94cb45e","","Legendary Artifact Creature — Robot // Legendary Artifact — Vehicle","BU","transform","deferred","double-faced-card-needs-complete-back-semantics",""
"Damping Engine","3584a055-5220-4721-89f8-de33f779122f","{4}","Artifact","","normal","deferred","noncreature-needs-explicit-semantics",""
"Dargo, the Shipwrecker","a2414a2d-0fd8-4084-8762-ace48f70c853","{6}{R}","Legendary Creature — Giant Pirate","R","normal","deferred","oracle-needs-explicit-semantics",""
"Darigaaz Reincarnated","c2f42c67-ff88-4248-bfa5-79a18c6473d5","{4}{B}{R}{G}","Legendary Creature — Dragon","BGR","normal","deferred","oracle-needs-explicit-semantics",""
"Daring Thief","e01289ea-634b-4be5-8b8e-5e1179761a9b","{2}{U}","Creature — Human Rogue","U","normal","deferred","oracle-needs-explicit-semantics",""
"Dark Intimations","228cb63f-0b93-4be5-94e5-4eaae9112eeb","{2}{U}{B}{R}","Sorcery","BRU","normal","deferred","spell-needs-explicit-semantics",""
"Dawnhand Dissident","2cabf7a4-17af-45c7-b314-a84f5dc0d070","{B}","Creature — Elf Warlock","B","normal","deferred","oracle-needs-explicit-semantics",""
"Day's Undoing","810a6cf5-e9f4-48e1-8e06-3e0af85633ce","{2}{U}","Sorcery","U","normal","deferred","spell-needs-explicit-semantics",""
"Deadbeat Attendant","ae4b00ab-25ad-4177-8b86-af8b84d67ef3","{1}{B}","Creature — Vampire Employee","B","normal","deferred","oracle-needs-explicit-semantics",""
"Deadpool, Trading Card","4b96c22a-0d5b-44fd-b326-5f3ffcc3917b","{2}{B}{R}","Legendary Creature — Mutant Mercenary Hero","BR","normal","deferred","oracle-needs-explicit-semantics",""
"Deal Broker","1269f7dc-a5d6-48e9-8887-b581ce38c204","{3}","Artifact Creature — Construct","","normal","deferred","oracle-needs-explicit-semantics",""
"Death Wish","ff0ca1a4-da67-407c-a5c0-998a35eb7d8d","{1}{B}{B}","Sorcery","B","normal","deferred","spell-needs-explicit-semantics",""
"Death-Mask Duplicant","8bdaa661-861b-4f91-83ea-467e34e11cc3","{7}","Artifact Creature — Shapeshifter","","normal","deferred","oracle-needs-explicit-semantics",""
"Deceiver of Form","18c58328-518f-4228-bb1b-2433f3fb21f2","{6}{C}","Creature — Eldrazi","","normal","deferred","oracle-needs-explicit-semantics",""
"Decorum Dissertation","f4c57454-d36f-4f38-b7ac-76477a516c3e","{3}{B}{B}","Sorcery — Lesson","B","normal","deferred","spell-needs-explicit-semantics",""
"Dee Kay, Finder of the Lost","e4a338d5-8cd5-4583-893b-ebbede2280c6","{1}{U}{B}","Legendary Creature — Zombie Employee","BU","normal","deferred","oracle-needs-explicit-semantics",""
"Deep-Fried Plague Myr","43f5ce56-6ad1-4a42-b1d7-26f1c7933693","","Stickers","","normal","deferred","noncreature-needs-explicit-semantics",""
"Deeproot Pilgrimage","188656d8-4ea8-4e58-88da-b010a16eb6f2","{1}{U}","Enchantment","U","normal","deferred","noncreature-needs-explicit-semantics",""
"Defensive Formation","9386f4d3-aa72-4849-8921-83740762dc0e","{W}","Enchantment","W","normal","deferred","noncreature-needs-explicit-semantics",""
"Deification","8c8f93d7-d89a-401b-8764-76be71ad16e3","{1}{W}","Enchantment","W","normal","deferred","noncreature-needs-explicit-semantics",""
"Delay","983caa3f-7089-4e66-825d-4086a5adb9bb","{1}{U}","Instant","U","normal","deferred","spell-needs-explicit-semantics",""
"Delina, Wild Mage","8d57dadb-c689-4691-b331-aba15daf46ff","{3}{R}","Legendary Creature — Elf Shaman","R","normal","deferred","oracle-needs-explicit-semantics",""
"Demilich","eeb50bfc-8443-482b-bfc1-ea96b37809cd","{U}{U}{U}{U}","Creature — Skeleton Wizard","U","normal","deferred","oracle-needs-explicit-semantics",""
"Demonic Tourist Laser","13d9822f-0398-4915-818b-b9fbaf63b93c","","Stickers","","normal","deferred","noncreature-needs-explicit-semantics",""
"Depth Defiler","8ca4ca66-30b1-4074-a2e3-545b7682381b","{3}{U}{U}","Creature — Eldrazi","U","normal","deferred","oracle-needs-explicit-semantics",""
"Deputy of Detention","0e4150db-ac43-48b4-9791-0d874906acf5","{1}{W}{U}","Creature — Vedalken Wizard","UW","normal","deferred","oracle-needs-explicit-semantics",""
"Detective's Phoenix","52c3fe55-74ee-44cb-b62b-dc6c5dfdc33e","{2}{R}","Enchantment Creature — Phoenix","R","normal","deferred","oracle-needs-explicit-semantics",""
"Diamond Lion","7ea9bb3b-76e9-4150-9e4f-1cd3abfe8ad7","{2}","Artifact Creature — Cat","","normal","deferred","oracle-needs-explicit-semantics",""
"Diligent Farmhand","5f6aa548-0ab3-451f-b291-10cac3f3ea1a","{G}","Creature — Human Druid","G","normal","deferred","oracle-needs-explicit-semantics",""
"Dimensional Breach","70d4f764-fca1-477a-9b0f-bbfcc1f7dfb1","{5}{W}{W}","Sorcery","W","normal","deferred","spell-needs-explicit-semantics",""
"Dion, Bahamut's Dominant // Bahamut, Warden of Light","4a0cc2a2-3711-473a-b2c5-b1e52b34e4fb","","Legendary Creature — Human Noble Knight // Legendary Enchantment Creature — Saga Dragon","W","transform","deferred","double-faced-card-needs-complete-front-semantics",""
"Dire Wolves","7d72a2f4-cce6-4a2b-9507-0ee1c3e1e4ae","{2}{G}","Creature — Wolf","G","normal","deferred","oracle-needs-explicit-semantics",""
"Disciple of Caelus Nin","2e5440ef-6887-4c79-98f5-49db82406d71","{4}{W}","Creature — Human Wizard","W","normal","deferred","oracle-needs-explicit-semantics",""
"Disciple of Deceit","34ace274-8401-4e3c-89cd-75fe2337bf7d","{U}{B}","Creature — Human Rogue","BU","normal","deferred","oracle-needs-explicit-semantics",""
"Disciple of Perdition","9ac62ff0-6d13-4091-ba84-fbfbe742a4f4","{1}{B}","Creature — Human Warlock","B","normal","deferred","oracle-needs-explicit-semantics",""
"Discontinuity","5cfd73ab-8509-4e4b-9704-68d8dad3b301","{3}{U}{U}{U}","Instant","U","normal","deferred","spell-needs-explicit-semantics",""
"Discourtesy Clerk","0aafaef7-4827-4c80-87db-060f5be803f9","{3}{B}","Creature — Vampire Employee","B","normal","deferred","oracle-needs-explicit-semantics",""
"Diseased Vermin","4d18bea4-c9b2-4fc7-948f-2583589994d7","{2}{B}","Creature — Rat","B","normal","deferred","oracle-needs-explicit-semantics",""
"Doc Samson, Super Psychiatrist","699610c9-c991-4faf-b712-d015ef0799ad","{4}{G}","Legendary Creature — Gamma Doctor Hero","G","normal","deferred","oracle-needs-explicit-semantics",""
"Don & Raph, Hard Science","01758a4a-ac29-47ad-8e88-158374f1ae4c","{1}{U/R}{U/R}","Legendary Creature — Mutant Ninja Turtle","RU","normal","deferred","oracle-needs-explicit-semantics",""
"Done for the Day","2a248d6a-aa83-4e59-848b-46de8204b538","{2}{G}","Enchantment","G","normal","deferred","noncreature-needs-explicit-semantics",""
"Doomskar Warrior","7ac00312-8963-4fee-8561-1a54e533adbb","{2}{G}{G}","Creature — Human Warrior","G","normal","deferred","backup-other-rules-unsupported",""
"Doran, Besieged by Time","dd35a377-0865-4b25-bd0f-aaead29a9f0e","{1}{W}{B}{G}","Legendary Creature — Treefolk Druid","BGW","normal","deferred","oracle-needs-explicit-semantics",""
"Doubling Season","01546b7d-a233-4176-8843-d732074dc5b6","{4}{G}","Enchantment","G","normal","deferred","noncreature-needs-explicit-semantics",""
"Down for Repairs","455dc001-3f6d-4d44-afa7-0f83a2520baf","{2}{B}","Sorcery","B","normal","deferred","unbound-event-reference",""
"Dr. Eggman","fb68c1ae-a129-4c17-81fa-be5da2c32ec5","{2}{U}{B}{R}","Legendary Creature — Human Scientist","BRU","normal","deferred","oracle-needs-explicit-semantics",""
"Draconian Gate-Bot","f73ba6ae-87c1-4e5d-ae52-59d11d7d6ba6","{5}","Artifact Creature — Robot","","normal","deferred","oracle-needs-explicit-semantics",""
"Drain Life","e75ba79f-4cc2-4ede-8641-559ab94e7e36","{X}{1}{B}","Sorcery","B","normal","deferred","spell-needs-explicit-semantics",""
"Dralnu's Pet","ee626bd3-c18b-4d26-a9bd-8c23bdc02090","{1}{U}{U}","Creature — Shapeshifter","BU","normal","deferred","oracle-needs-explicit-semantics",""
"Draugr Necromancer","ccdf3399-b836-47ab-802d-af5a9c24d759","{3}{B}","Snow Creature — Zombie Cleric","B","normal","deferred","oracle-needs-explicit-semantics",""
"Dreamshaper Shaman","d06ef178-f02a-45a4-8193-140dee52c99d","{5}{R}","Enchantment Creature — Minotaur Shaman","R","normal","deferred","oracle-needs-explicit-semantics",""
"Drop Tower","54c4fd18-adf5-408b-a529-019ebc24ca8d","","Artifact — Attraction","","normal","deferred","noncreature-needs-explicit-semantics",""
"Drought","ecba74bd-850e-4cbe-9b1c-b0d4d6f27d1c","{2}{W}{W}","Enchantment","W","normal","deferred","noncreature-needs-explicit-semantics",""
"Druid of the Emerald Grove","acf54a85-0e9e-43fb-99d9-c223c02f13c4","{3}{G}","Creature — Dwarf Druid","G","normal","deferred","oracle-needs-explicit-semantics",""
"Duelist's Flame","bbc990e4-1601-498f-9031-0cd663139367","{X}{R}{R}","Instant","R","normal","deferred","spell-needs-explicit-semantics",""
"Dungeon Delver","0073d731-e60d-433a-ac35-a22af855da20","{1}{U}","Legendary Enchantment — Background","U","normal","deferred","noncreature-needs-explicit-semantics",""
"Duplicity","01072a45-ab1c-4d19-b493-76cf4aae351e","{3}{U}{U}","Enchantment","U","normal","deferred","noncreature-needs-explicit-semantics",""
"Dutiful Knowledge Seeker","b58a70e2-3609-441a-993a-dccb9a2cf242","{2}{U}","Creature — Fox Spirit","U","normal","deferred","oracle-needs-explicit-semantics",""
"Dwarven Sea Clan","55ae9711-65ac-4166-8a51-1deeb10a8904","{2}{R}","Creature — Dwarf","R","normal","deferred","oracle-needs-explicit-semantics",""
"Dyadrine, Synthesis Amalgam","618a2272-62e0-4d0e-834d-7b81719eba12","{X}{G}{W}","Legendary Artifact Creature — Construct","GW","normal","deferred","oracle-needs-explicit-semantics",""
"Dynaheir, Invoker Adept","a968524a-3d2d-4c0c-8f66-bfbfb9ff3c36","{1}{U}{R}{W}","Legendary Creature — Human Wizard","RUW","normal","deferred","oracle-needs-explicit-semantics",""
"Earth Rumble","f04a7763-5fba-42e5-a45a-b3dc2daba902","{3}{G}","Sorcery","G","normal","deferred","spell-needs-explicit-semantics",""
"Earthbender Ascension","f8966fd5-2926-4ba0-b7d6-cfea40cd4e05","{2}{G}","Enchantment","G","normal","deferred","noncreature-needs-explicit-semantics",""
"Earthshape","300f17a2-1594-40cb-9187-952898a83622","{2}{W}","Instant","W","normal","deferred","spell-needs-explicit-semantics",""
"Echocasting Symposium","d88c3554-18db-4e5e-a979-2402990a0311","{4}{U}{U}","Sorcery — Lesson","U","normal","deferred","spell-needs-explicit-semantics",""
"Echoes of Eternity","23a79523-4be0-4d17-80aa-5ea024cb3463","{3}{C}{C}{C}","Kindred Enchantment — Eldrazi","","normal","deferred","noncreature-needs-explicit-semantics",""
"Edgar, King of Figaro","264efed9-65ab-40ad-877f-c6c25ca0281e","{4}{U}{U}","Legendary Creature — Human Artificer Noble","U","normal","deferred","oracle-needs-explicit-semantics",""
"Edward Kenway","b2fe6d17-d045-45c6-9ca2-21e73d2e38d2","{2}{U}{B}{R}","Legendary Creature — Human Assassin Pirate","BRU","normal","deferred","oracle-needs-explicit-semantics",""
"Eelectrocute","8c56530b-098a-4afd-9022-76bfaa1f6a7c","{1}{R}","Instant","R","normal","deferred","spell-needs-explicit-semantics",""
"Eirdu, Carrier of Dawn // Isilu, Carrier of Twilight","36af3c2c-49d7-46ea-ab02-c254b332448e","","Legendary Creature — Elemental God // Legendary Creature — Elemental God","BW","transform","deferred","double-faced-card-needs-complete-front-semantics",""
"Ekundu Cyclops","6c89e4e6-c4d7-416c-b985-41739c6f5b50","{3}{R}","Creature — Cyclops","R","normal","deferred","oracle-needs-explicit-semantics",""
"Eladamri, Korvecdal","9aff3d55-e25d-4f06-a783-c3aa9eb9fd50","{1}{G}{G}","Legendary Creature — Elf Warrior","G","normal","deferred","oracle-needs-explicit-semantics",""
"Elder Brain","e537bd23-7368-459b-badf-b7b7c112c88a","{5}{B}{B}","Creature — Horror","B","normal","deferred","oracle-needs-explicit-semantics",""
"Eldrazi Guacamole Tightrope","6614c21f-080e-441c-9ebb-c7369c1f52e1","","Stickers","","normal","deferred","noncreature-needs-explicit-semantics",""
"Elemental Expressionist","dfc45c58-821c-42f3-ab48-05b912748bdf","{U/R}{U/R}{U/R}{U/R}","Creature — Orc Wizard","RU","normal","deferred","oracle-needs-explicit-semantics",""
"Elemental Time Flamingo","5829ac8e-bd1c-4065-b30a-5307ab11ae79","","Stickers","","normal","deferred","noncreature-needs-explicit-semantics",""
"Elesh Norn // The Argent Etchings","650ed75c-20b0-45b8-a4d4-813e0369aaf1","","Legendary Creature — Phyrexian Praetor // Enchantment — Saga","W","transform","deferred","double-faced-card-needs-complete-front-semantics",""
"Elite Spellbinder","8c4d7cbc-9cfc-4f0a-8844-e458ab806056","{2}{W}","Creature — Human Cleric","W","normal","deferred","oracle-needs-explicit-semantics",""
"Ellie, Brick Master","299ff264-c6db-4b48-88fb-ca006cb84f88","{1}{R}","Legendary Creature — Human Survivor","R","normal","deferred","oracle-needs-explicit-semantics",""
"Eluge, the Shoreless Sea","027989e7-20c4-4773-b6b4-20337cc5fe8c","{1}{U}{U}{U}","Legendary Creature — Elemental Fish","U","normal","deferred","oracle-needs-explicit-semantics",""
"Elvish Refueler","4b62f9fe-e3f4-4a21-aa6b-4dbd411d0c44","{2}{G}","Creature — Elf Druid","G","normal","deferred","oracle-needs-explicit-semantics",""
"Emblazoned Golem","fbeafc81-1ddb-4b54-8f86-e6afd5f81db8","{2}","Artifact Creature — Golem","","normal","deferred","oracle-needs-explicit-semantics",""
"Emissary Green","c43e7fa5-ff93-42d9-af79-ee417a8e41a7","{4}{G}","Legendary Creature — Human Advisor","G","normal","deferred","oracle-needs-explicit-semantics",""
"Emperor of Bones","cb70a360-898e-443a-b053-38e35ea2baa2","{1}{B}","Creature — Skeleton Noble","B","normal","deferred","oracle-needs-explicit-semantics",""
"Emrakul's Evangel","99eb572b-85b1-4d78-aea8-4400a5b7e508","{2}{G}","Creature — Human Horror","G","normal","deferred","oracle-needs-explicit-semantics",""
"Emrakul, the Exigent Doom","4421ab7d-6d9b-4edd-b5a0-53a8ed84da6f","{10}","Legendary Creature — Eldrazi","","normal","deferred","oracle-needs-explicit-semantics",""
"Emrakul, the Promised End","4e7a8817-1a66-45c3-ade9-eac79b40b89f","{13}","Legendary Creature — Eldrazi","","normal","deferred","oracle-needs-explicit-semantics",""
"Emrakul, the World Anew","33300e69-29f6-41e4-92ab-82d8b018b217","{12}","Legendary Creature — Eldrazi","","normal","deferred","oracle-needs-explicit-semantics",""
"Encroaching Mycosynth","1f0bb053-4967-4289-b2b1-f6309f2eca7d","{3}{U}","Artifact","U","normal","deferred","noncreature-needs-explicit-semantics",""
"End-Blaze Epiphany","00cfbea0-e862-468b-90d5-7478eb9847c0","{X}{R}","Instant","R","normal","deferred","spell-needs-explicit-semantics",""
"Endless Whispers","47630b28-c0bc-4911-8d76-33c6fcabf2d7","{2}{B}{B}","Enchantment","B","normal","deferred","noncreature-needs-explicit-semantics",""
"Enduring Angel // Angelic Enforcer","93d1e21b-7326-4aad-9f6e-e0e391845a18","","Creature — Angel // Creature — Angel","W","transform","deferred","double-faced-card-needs-complete-front-semantics",""
"Enlightened Confidant","a139eb7f-3853-490c-a839-35d0e5aed7b5","{1}{W}","Creature — Kor Cleric","W","normal","deferred","oracle-needs-explicit-semantics",""
"Equinox","0fa2cb01-476e-4e82-94e6-9639e53a7743","{W}","Enchantment — Aura","W","normal","deferred","noncreature-needs-explicit-semantics",""
"Eriette, the Beguiler","710a3499-64f8-4d2c-8c9c-d58950e47ea7","{1}{W}{U}{B}","Legendary Creature — Human Warlock","BUW","normal","deferred","oracle-needs-explicit-semantics",""
"Ertai's Meddling","609c529a-b3b3-46d5-b9d0-ae0117507d6e","{X}{U}","Instant","U","normal","deferred","spell-needs-explicit-semantics",""
"Escape Detection","e16c5516-f73c-40c4-9ffa-39c6b2e92ab7","{1}{U}{U}","Instant","U","normal","deferred","spell-needs-explicit-semantics",""
"Escaped Shapeshifter","17f2342b-4dd8-445a-a7c1-4a15a5688294","{3}{U}{U}","Creature — Shapeshifter","U","normal","deferred","oracle-needs-explicit-semantics",""
"Esper Origins // Summon: Esper Maduin","947b40a2-e272-4ef6-85fb-3d767a21bc7a","","Sorcery // Enchantment Creature — Saga Elemental","G","transform","deferred","double-faced-card-needs-complete-front-semantics",""
"Essence of the Wild","9d105f83-583d-438b-8f26-b39e818ed295","{3}{G}{G}{G}","Creature — Avatar","G","normal","deferred","oracle-needs-explicit-semantics",""
"Etched Host Doombringer","85c799e9-74d5-459e-b168-b95ed78cd4e9","{4}{B}","Creature — Phyrexian Demon","B","normal","deferred","oracle-needs-explicit-semantics",""
"Etched Slith","f1bd0d32-7513-4d1d-94aa-d06101a940c0","{1}{B}","Artifact Creature — Phyrexian Slith","B","normal","deferred","oracle-needs-explicit-semantics",""
"Eternal Acrobat Toast","60a69ddc-3289-4786-944d-27a82c5f0dc8","","Stickers","","normal","deferred","noncreature-needs-explicit-semantics",""
"Etrata, Deadly Fugitive","87957d09-7e22-40fe-8770-ff66d1934a38","{1}{U}{B}","Legendary Creature — Vampire Assassin","BU","normal","deferred","oracle-needs-explicit-semantics",""
"Etrata, the Silencer","2ee87667-ec9d-4ced-b7e6-df3fd18b0ed6","{2}{U}{B}","Legendary Creature — Vampire Assassin","BU","normal","deferred","oracle-needs-explicit-semantics",""
"Evangelize","23a60803-6b0f-48ee-aa3b-12a3c5fc62cf","{4}{W}","Sorcery","W","normal","deferred","spell-needs-explicit-semantics",""
"Evelyn, the Covetous","4ab6f615-1f04-4ed2-88b2-49faa8356dd0","{2}{U/B}{B}{B/R}","Legendary Creature — Vampire Rogue","BRU","normal","deferred","oracle-needs-explicit-semantics",""
"Evereth, Viceroy of Plunder","55b8c81b-f26b-4ae1-94ba-30b19e6a944e","{2}{B}","Legendary Creature — Vampire Soldier","BR","normal","deferred","oracle-needs-explicit-semantics",""
"Evershrike","9f148f1f-53c5-477d-ba91-a2415db65adf","{3}{W/B}{W/B}","Creature — Elemental Spirit","BW","normal","deferred","oracle-needs-explicit-semantics",""
"Exchange of Words","a55ef412-257b-4ecd-9440-4545521be938","{1}{U}{U}","Enchantment","U","normal","deferred","noncreature-needs-explicit-semantics",""
"Explosive Singularity","30d79f61-f9d9-441a-b600-83721af8553b","{8}{R}{R}","Sorcery","R","normal","deferred","spell-needs-explicit-semantics",""
"Expose the Culprit","4f7e4aff-ef68-44fe-a0dc-b9ab0ecd7146","{1}{R}","Instant","R","normal","deferred","spell-needs-explicit-semantics",""
"Expropriate","a69265b2-0e37-4d86-866e-e4a923233b4d","{7}{U}{U}","Sorcery","U","normal","deferred","spell-needs-explicit-semantics",""
"Exquisite Archangel","472efb69-47c8-4c93-b60a-f6dba4364b8c","{5}{W}{W}","Creature — Angel","W","normal","deferred","oracle-needs-explicit-semantics",""
"Extraordinary Journey","69288566-3015-45de-b391-6fe079865f0c","{X}{X}{U}{U}","Enchantment","U","normal","deferred","noncreature-needs-explicit-semantics",""
"Extrapolate the Impossible","1f47c869-f4a9-43b0-aec0-8da4e3a3fec5","{1}{B}","Sorcery","B","normal","deferred","spell-needs-explicit-semantics",""
"Extus, Oriq Overlord // Awaken the Blood Avatar","0b299983-9f0f-404a-acd1-8f142572b1f1","","Legendary Creature — Human Warlock // Sorcery","BRW","modal_dfc","deferred","double-faced-card-needs-complete-back-semantics",""
"Eye of Ojer Taq // Apex Observatory","0b1557e8-3dd6-4276-8b8e-505e7ea944ec","","Artifact // Artifact","","transform","deferred","double-faced-card-needs-complete-front-semantics",""
"Ezio Auditore da Firenze","3017ac79-37f1-4cc1-8efd-4add027618a2","{1}{B}","Legendary Creature — Human Assassin","BGRUW","normal","deferred","oracle-needs-explicit-semantics",""
"Fabrication Foundry","0bb20c36-689f-4a7c-80b5-a12bda821847","{1}{W}","Artifact","W","normal","deferred","noncreature-needs-explicit-semantics",""
"Faceless One","ef220170-c01a-4ca5-b887-f248c50227ee","{5}","Legendary Enchantment Creature — Background","","normal","deferred","oracle-needs-explicit-semantics",""
"Fae of Wishes // Granted","c0abbed2-d213-47ef-8d6c-4a21efb9a55f","{1}{U} // {3}{U}","Creature — Faerie Wizard // Sorcery — Adventure","U","adventure","deferred","adventure-needs-complete-face-semantics",""
"Faith's Shield","dd3cc9e5-b99a-429c-baeb-663a7af70081","{W}","Instant","W","normal","deferred","spell-needs-explicit-semantics",""
"Faithbound Judge // Sinner's Judgment","830e3e37-a80c-4b0e-b9af-393ad4ca01d7","","Creature — Spirit Soldier // Enchantment — Aura Curse","W","transform","deferred","double-faced-card-needs-complete-front-semantics",""
"Falco Spara, Pactweaver","b9c1ca24-5696-4777-8465-13a8f78e4fb5","{1}{G}{W}{U}","Legendary Creature — Bird Demon","GUW","normal","deferred","oracle-needs-explicit-semantics",""
"Fall of Cair Andros","33c0a8c0-d1d9-4b03-869d-65dab8ace3df","{2}{R}","Enchantment","R","normal","deferred","noncreature-needs-explicit-semantics",""
"False Dawn","efd9cc25-f445-4de0-9a69-adab9f8878f4","{1}{W}","Sorcery","W","normal","deferred","spell-needs-explicit-semantics",""
"False Orders","38c5c952-8153-4d98-89b5-a75260383345","{R}","Instant","R","normal","deferred","spell-needs-explicit-semantics",""
"Familiar Beeble Mascot","41c0e1f1-8ebe-4cd2-96fe-e4bb625fe6ee","","Stickers","","normal","deferred","noncreature-needs-explicit-semantics",""
"Fang, Fearless l'Cie","04ac8b2c-95e9-40e9-8cc0-af9b075a94c0","{2}{B}","Legendary Creature — Human Warrior","B","meld","deferred","complex-layout",""
"Faramir, Prince of Ithilien","8a8c7c20-beb7-4352-99ea-7f64a30b9f52","{2}{W}{U}","Legendary Creature — Human Noble","UW","normal","deferred","oracle-needs-explicit-semantics",""
"Fatal Lore","aeb85786-16fc-45d8-9383-60054a878c40","{2}{B}{B}","Sorcery","B","normal","deferred","spell-needs-explicit-semantics",""
"Faunsbane Troll","b707c131-de13-4d4d-839d-b9f47d62f090","{2}{B}{G}","Creature — Troll","BG","normal","deferred","oracle-needs-explicit-semantics",""
"Fblthp, Impossibly Lost","17e7212e-69d8-4014-af98-447baed2cae7","{1}{U}","Legendary Creature — Homunculus","U","normal","deferred","oracle-needs-explicit-semantics",""
"Fblthp, Lost on the Range","764f6412-c4ff-4eec-9a9d-870661f97f8b","{1}{U}{U}","Legendary Creature — Homunculus","U","normal","deferred","oracle-needs-explicit-semantics",""
"Fear of Abduction","8f5495d7-ac44-47cd-aa39-48a35034b390","{4}{W}{W}","Enchantment Creature — Nightmare","W","normal","deferred","oracle-needs-explicit-semantics",""
"Feather, the Redeemed","aa219936-661b-4ccb-8741-78b70cff2b1a","{R}{W}{W}","Legendary Creature — Angel","RW","normal","deferred","oracle-needs-explicit-semantics",""
"Ferris Wheel","9a41a4ad-944f-4326-b53b-1176f98bcce4","","Artifact — Attraction","","normal","deferred","noncreature-needs-explicit-semantics",""
"Fight or Flight","2fc42640-983a-49ca-9020-7756135077b4","{3}{W}","Enchantment","W","normal","deferred","noncreature-needs-explicit-semantics",""
"Fight the _____ Fight","5f589a11-1601-4a17-92d6-58e9dd9b00f2","{1}{G}","Enchantment — Aura","G","normal","deferred","noncreature-needs-explicit-semantics",""
"Figure of Fable","5d4ea910-3b16-4f98-89be-c1b2cfff4bf0","{G/W}","Creature — Kithkin","GW","normal","deferred","oracle-needs-explicit-semantics",""
"Finishing Move","d41dc3a5-58e4-444a-b388-5a32ccbed0eb","{2}{G}","Sorcery","G","normal","deferred","spell-needs-explicit-semantics",""
"Fire Nation Salvagers","9e76d56a-67b6-4bd9-8f2d-3328d18a2880","{3}{B}{B}","Creature — Human Soldier","B","normal","deferred","oracle-needs-explicit-semantics",""
"Firebender Ascension","96cc63af-69d1-4493-b241-0cb244a9e48a","{1}{R}","Enchantment","R","normal","deferred","noncreature-needs-explicit-semantics",""
"Fires of Mount Doom","f4944fde-2066-4aed-85c0-6e5e00a4bfe6","{2}{R}","Legendary Enchantment","R","normal","deferred","noncreature-needs-explicit-semantics",""
"Firesong and Sunspeaker","fffaa634-42a0-4038-b027-24f28754fec7","{4}{R}{W}","Legendary Creature — Minotaur Cleric","RW","normal","deferred","oracle-needs-explicit-semantics",""
"Firion, Wild Rose Warrior","df42c768-34ca-4ebf-8f66-eaccf7261f70","{2}{R}","Legendary Creature — Human Rebel Warrior","R","normal","deferred","oracle-needs-explicit-semantics",""
"Flameskull","f3d935cd-d582-464a-a13b-bb84a53da4a1","{1}{R}{R}","Creature — Skeleton","R","normal","deferred","oracle-needs-explicit-semantics",""
"Flash Foliage","ee79b00d-9b2a-454d-a20c-edb073ef69cf","{2}{G}","Instant","G","normal","deferred","spell-needs-explicit-semantics",""
"Flooded Woodlands","413172aa-b508-4e67-b68e-6a749d2e8130","{2}{U}{B}","Enchantment","BU","normal","deferred","noncreature-needs-explicit-semantics",""
"Floodtide Serpent","1031bc78-7eca-44aa-9ea8-47fa67b4ce62","{4}{U}","Creature — Serpent","U","normal","deferred","oracle-needs-explicit-semantics",""
"Foam Weapons Kiosk","91da3f60-733f-42f9-9614-547ce53c0d7e","","Artifact — Attraction","","normal","deferred","noncreature-needs-explicit-semantics",""
"Foggy Swamp Visions","16af0a22-833e-47c6-ac27-002702194595","{1}{B}{B}","Sorcery","B","normal","deferred","spell-needs-explicit-semantics",""
"Font of Agonies","ab44c6fe-6a66-42f0-9e75-8b25641e1f13","{B}","Enchantment","B","normal","deferred","noncreature-needs-explicit-semantics",""
"Food Chain","5c8e5092-962e-49ef-ab82-8434e475e4e7","{2}{G}","Enchantment","G","normal","deferred","noncreature-needs-explicit-semantics",""
"Formation","ad5d27ea-cead-4c95-8561-283855ce952e","{1}{W}","Instant","W","normal","deferred","spell-needs-explicit-semantics",""
"Fortified Area","cef37acf-ee97-48bf-a605-b17efcce5ce8","{1}{W}{W}","Enchantment","W","normal","deferred","noncreature-needs-explicit-semantics",""
"Fortune Teller","a837fe34-ae85-4bb6-af5a-4dec30b18f52","","Artifact — Attraction","","normal","deferred","noncreature-needs-explicit-semantics",""
"Fortune, Loyal Steed","dc440b62-0bf0-4f23-9210-3550ff0a8d4d","{2}{W}","Legendary Creature — Beast Mount","W","normal","deferred","oracle-needs-explicit-semantics",""
"Foul Emissary","034c2b40-6bcc-4bb5-be94-4602496ddcc6","{2}{G}","Creature — Human Horror","G","normal","deferred","oracle-needs-explicit-semantics",""
"Frankenstein's Monster","100218ce-1572-4bce-bb00-d2df5f68705c","{X}{B}{B}","Creature — Zombie","B","normal","deferred","oracle-needs-explicit-semantics",""
"Frantic Scapegoat","d181310f-404b-4f26-8024-b7b537d1fd90","{R}","Creature — Goat","R","normal","deferred","oracle-needs-explicit-semantics",""
"Frenzied Gorespawn","197809b7-1ddb-4329-8d82-7651696538a8","{3}{B}{R}","Creature — Horror","BR","normal","deferred","oracle-needs-explicit-semantics",""
"Frenzied Saddlebrute","f9d72bd4-8b4c-47bb-9361-a8cb5e5f64cb","{4}{R}","Creature — Orc Warrior","R","normal","deferred","oracle-needs-explicit-semantics",""
"Frodo, Sauron's Bane","8be62f5c-0ab2-4869-97a2-d8a69a3fde95","{W}","Legendary Creature — Halfling Citizen","BW","normal","deferred","oracle-needs-explicit-semantics",""
"Fumble","cbf68ddd-596f-4b2d-b93c-3b7976ba4d37","{1}{U}","Instant","U","normal","deferred","spell-needs-explicit-semantics",""
"Gaea's Will","87efff06-b6cb-4a8f-937b-e50e367fd896","","Sorcery","G","normal","deferred","spell-needs-explicit-semantics",""
"Gale's Redirection","8676f007-bf5f-4312-968c-59f4549f7d51","{3}{U}{U}","Instant","U","normal","deferred","spell-needs-explicit-semantics",""
"Gale, Waterdeep Prodigy","cca15007-2faf-4696-a4c5-2d7b6c1ec5b5","{2}{U}","Legendary Creature — Human Wizard","U","normal","deferred","oracle-needs-explicit-semantics",""
"Gandalf of the Secret Fire","cbad35cd-9026-43ea-8333-94f3b34459e3","{1}{U}{R}{W}","Legendary Creature — Avatar Wizard","RUW","normal","deferred","oracle-needs-explicit-semantics",""
"Garbage Fire","8ddbb63c-7f52-431b-bb82-e020b1c3749a","{2}{R}","Instant","R","normal","deferred","spell-needs-explicit-semantics",""
"Garland, Royal Kidnapper","ab914053-4384-415f-b1e8-09fecb5a30b8","{2}{U}{B}","Legendary Creature — Human Knight","BU","normal","deferred","oracle-needs-explicit-semantics",""
"Garruk's Harbinger","2dbe384b-71c4-43f9-be35-ba2894021b85","{1}{G}{G}","Creature — Beast","G","normal","deferred","oracle-needs-explicit-semantics",""
"Garth One-Eye","d8c4312e-03ae-43f3-b92c-4adb6875534c","{W}{U}{B}{R}{G}","Legendary Creature — Human Wizard","BGRUW","normal","deferred","oracle-needs-explicit-semantics",""
"Gather Specimens","e3b8d70b-17aa-4a31-a4f9-319907d088c2","{3}{U}{U}{U}","Instant","U","normal","deferred","spell-needs-explicit-semantics",""
"Gaze of Pain","b3a479d4-3e36-496b-abf8-b83231628d76","{1}{B}","Sorcery","B","normal","deferred","spell-needs-explicit-semantics",""
"Geek Lotus Warrior","c0a448ee-e5f9-4e57-85b0-f6d401018170","","Stickers","","normal","deferred","noncreature-needs-explicit-semantics",""
"Gemstone Caverns","c0adbddc-b070-4c5f-afe0-0474c72a9251","","Legendary Land","","normal","deferred","land-needs-explicit-semantics",""
"General Jarkeld","64df77f6-4f7e-442a-971c-8ad3f7d1c979","{3}{W}","Legendary Creature — Human Soldier","W","normal","deferred","oracle-needs-explicit-semantics",""
"Generous Plunderer","91c835d1-22ca-4c90-9ba6-c8e01bbc0347","{1}{R}","Creature — Human Rogue","R","normal","deferred","oracle-needs-explicit-semantics",""
"Genku, Future Shaper","ca16b735-26c7-4d0b-959b-b031f6cb376e","{2}{W}{U}","Legendary Creature — Moonfolk Wizard","UW","normal","deferred","oracle-needs-explicit-semantics",""
"Germination Practicum","c8d22139-7b25-4bb1-b0d9-d4c622401edf","{3}{G}{G}","Sorcery — Lesson","G","normal","deferred","spell-needs-explicit-semantics",""
"Ghostly Dancers","c53d958a-f660-4d2e-87cd-87702f973b3a","{3}{W}{W}","Creature — Spirit","W","normal","deferred","oracle-needs-explicit-semantics",""
"Giant Albatross","8b59cacb-46ff-4400-a7f6-b258c81a9b14","{1}{U}","Creature — Bird","U","normal","deferred","oracle-needs-explicit-semantics",""
"Giant Mana Cake","26f6170a-34dc-41c8-b3b1-20377f131e6e","","Stickers","","normal","deferred","noncreature-needs-explicit-semantics",""
"Giant Oyster","062b4d84-5ba3-417b-b8e1-65afce7b05e3","{2}{U}{U}","Creature — Oyster","U","normal","deferred","oracle-needs-explicit-semantics",""
"Gilded Drake","7f06c098-6482-4bf3-a9a1-110d6d5b5703","{1}{U}","Creature — Drake","U","normal","deferred","oracle-needs-explicit-semantics",""
"Gilgamesh, Master-at-Arms","c9432e87-38f6-4889-8f07-ae7cd045e532","{4}{R}{R}","Legendary Creature — Human Samurai","R","normal","deferred","oracle-needs-explicit-semantics",""
"Gimli, Mournful Avenger","9f3941d8-b4d2-4faf-881a-f15973b4368d","{1}{R}{G}","Legendary Creature — Dwarf Warrior","GR","normal","deferred","oracle-needs-explicit-semantics",""
"Glamerdye","570a5e60-ed0f-4c14-8cc3-af819648030b","{1}{U}","Instant","U","normal","deferred","spell-needs-explicit-semantics",""
"Glass Asp","22abc3e8-49bb-475a-8248-0ce85274913c","{1}{G}{G}","Creature — Snake","G","normal","deferred","oracle-needs-explicit-semantics",""
"Glimpse of Tomorrow","12778951-7b11-400b-98ed-06434d7ecc11","","Sorcery","R","normal","deferred","spell-needs-explicit-semantics",""
"Glitterflitter","3786047e-f136-49f8-81d6-08beb3f9bcfd","{2}{U}","Creature — Faerie Performer","U","normal","deferred","oracle-needs-explicit-semantics",""
"Glittering Lion","549e6de7-56e9-4f5c-8c88-30e446bc53bb","{2}{W}","Creature — Cat","W","normal","deferred","oracle-needs-explicit-semantics",""
"Glittering Lynx","890ffe31-642f-46e3-9f09-c744351653b5","{W}","Creature — Cat","W","normal","deferred","oracle-needs-explicit-semantics",""
"Glittering Wish","45c29ac0-f9ca-4ab9-b93e-8b678509bcd7","{G}{W}","Sorcery","GW","normal","deferred","spell-needs-explicit-semantics",""
"Glorious End","e611a3e0-eb0e-466e-a771-51310eeb34cd","{2}{R}","Instant","R","normal","deferred","spell-needs-explicit-semantics",""
"Glyph of Delusion","e23ba169-4eb5-4083-a199-ac7e3026e67f","{U}","Instant","U","normal","deferred","spell-needs-explicit-semantics",""
"Glyph of Reincarnation","93d9a1c6-9f6f-487f-a46c-bfd80946ccdf","{G}","Instant","G","normal","deferred","spell-needs-explicit-semantics",""
"Goblin Airbrusher","906881da-6bb3-4a0e-9bd1-d1a5bc484144","{1}{R}","Creature — Goblin Employee","R","normal","deferred","oracle-needs-explicit-semantics",""
"Goblin Artisans","ec85a375-fe38-4b11-af0e-f2b466181dd7","{R}","Creature — Goblin Artificer","R","normal","deferred","oracle-needs-explicit-semantics",""
"Goblin Coward Parade","7cad08c1-4bd9-4d9f-85d2-fb3ab718fbb8","","Stickers","","normal","deferred","noncreature-needs-explicit-semantics",""
"Goblin Flotilla","014ca38f-d4ac-4417-bfa8-785a7d6fce43","{2}{R}","Creature — Goblin","R","normal","deferred","oracle-needs-explicit-semantics",""
"Goblin Game","4a10c945-ad8b-47b6-8cbd-7b4e2612a9b0","{5}{R}{R}","Sorcery","R","normal","deferred","spell-needs-explicit-semantics",""
"Goblin Psychopath","9369f131-3356-4926-9a9f-88a636305bd0","{3}{R}","Creature — Goblin Mutant","R","normal","deferred","oracle-needs-explicit-semantics",""
"Goblin Vandal","50bebbb9-01b7-4eb6-8efd-307c9bcd2517","{R}","Creature — Goblin Rogue","R","normal","deferred","oracle-needs-explicit-semantics",""
"God-Eternal Kefnet","41d11144-32fc-4e45-a8db-3edb9dc0ce80","{2}{U}{U}","Legendary Creature — Zombie God","U","normal","deferred","oracle-needs-explicit-semantics",""
"Golden Wish","e5f25cbd-39e4-4806-8dba-9a552356696d","{3}{W}{W}","Sorcery","W","normal","deferred","spell-needs-explicit-semantics",""
"Goliath Daydreamer","9207facd-fbf9-4faa-ac44-6c0bcac81551","{2}{R}{R}","Creature — Giant Wizard","R","normal","deferred","oracle-needs-explicit-semantics",""
"Gollum, Riddle Master","514b451b-814d-45fb-a2ba-8fe6f0bdad60","{1}{B}","Legendary Creature — Halfling Horror","B","normal","deferred","oracle-needs-explicit-semantics",""
"Gollum, Scheming Guide","3fb5c9a6-3fab-4109-875b-83c92518c5eb","{1}{B}","Legendary Creature — Halfling Horror","B","normal","deferred","oracle-needs-explicit-semantics",""
"Gonti, Night Minister","e16f79c1-ffbb-4893-b62a-d4e9d15e2b16","{2}{B}{B}","Legendary Creature — Aetherborn Rogue","B","normal","deferred","oracle-needs-explicit-semantics",""
"Grabby Tabby","67ee367c-e346-48b6-8694-01c8d5f020cb","{3}{G}","Creature — Cat Guest","G","normal","deferred","oracle-needs-explicit-semantics",""
"Graf Rats","852edc00-9d98-427c-9869-7d0c8c121118","{1}{B}","Creature — Rat","B","meld","deferred","complex-layout",""
"Greymond, Avacyn's Stalwart","739a5220-50cd-4148-be58-1bbdeef2954e","{2}{W}{W}","Legendary Creature — Human Soldier","W","normal","deferred","oracle-needs-explicit-semantics",""
"Grim Reminder","12684e95-2652-4c3c-b2c7-021b62344d77","{2}{B}","Instant","B","normal","deferred","spell-needs-explicit-semantics",""
"Grinning Ignus","eca27964-accc-46cc-8aff-a06183e61e9c","{2}{R}","Creature — Elemental","R","normal","deferred","mana-ability-needs-explicit-semantics",""
"Grip of Chaos","ca2e0c8f-7ece-465f-9103-ba60712eacf7","{4}{R}{R}","Enchantment","R","normal","deferred","noncreature-needs-explicit-semantics",""
"Grist, Voracious Larva // Grist, the Plague Swarm","196f8f13-d4df-4740-8746-8fed3bc71840","","Legendary Creature — Insect // Legendary Planeswalker — Grist","BG","transform","deferred","double-faced-card-needs-complete-front-semantics",""
"Grolnok, the Omnivore","53029460-50a0-4934-8fa9-0271517cd5d0","{2}{G}{U}","Legendary Creature — Frog","GU","normal","deferred","oracle-needs-explicit-semantics",""
"Grub, Storied Matriarch // Grub, Notorious Auntie","180286e4-67fa-44d5-9e90-4a4e99c016a7","","Legendary Creature — Goblin Warlock // Legendary Creature — Goblin Warrior","BR","transform","deferred","double-faced-card-needs-complete-back-semantics",""
"Grudge Keeper","ffbf8459-fda2-4c1d-9841-c001c37d2141","{1}{B}","Creature — Zombie Wizard","B","normal","deferred","oracle-needs-explicit-semantics",""
"Guardian Angel","1a91ca69-e890-41dc-866b-3aabf10c9a9c","{X}{W}","Instant","W","normal","deferred","spell-needs-explicit-semantics",""
"Guile","591bbf84-259d-4885-8b5f-b29c04222d41","{3}{U}{U}{U}","Creature — Elemental Incarnation","U","normal","deferred","oracle-needs-explicit-semantics",""
"Gurzigost","835733a2-3738-4fc0-97d5-33156b711ba4","{3}{G}{G}","Creature — Beast","G","normal","deferred","oracle-needs-explicit-semantics",""
"Gwenom, Remorseless","c48cf135-b280-4e9f-a9d9-225104870741","{3}{B}{B}","Legendary Creature — Symbiote Spider Hero","B","normal","deferred","oracle-needs-explicit-semantics",""
"Gyruda, Doom of Depths","25eaa977-ca85-4f8d-8be5-9297a3edb14f","{4}{U/B}{U/B}","Legendary Creature — Demon Kraken","BU","normal","deferred","oracle-needs-explicit-semantics",""
"Haktos the Unscarred","932a86e5-9640-4ef5-8264-2ce97bde33e2","{R}{R}{W}{W}","Legendary Creature — Human Warrior","RW","normal","deferred","oracle-needs-explicit-semantics",""
"Hall of Mirrors","327b89dd-2ec5-4498-9ddb-c097851e69a3","","Artifact — Attraction","","normal","deferred","noncreature-needs-explicit-semantics",""
"Hallowed Moonlight","e9541db2-2874-4307-b896-c403f6d82e68","{1}{W}","Instant","W","normal","deferred","spell-needs-explicit-semantics",""
"Hama, the Bloodbender","ef80e174-78e8-412d-a6fe-89c7af746669","{2}{U/B}{U/B}{U/B}","Legendary Creature — Human Warlock","BU","normal","deferred","oracle-needs-explicit-semantics",""
"Hans Eriksson","8a37ac5c-341b-48ab-9b0b-5ef8bf097aab","{2}{R}{G}","Legendary Creature — Human Scout","GR","normal","deferred","oracle-needs-explicit-semantics",""
"Hanweir Battlements","0e735ba6-7fd1-4d12-b20c-21525dc1e2b5","","Land","R","meld","deferred","complex-layout",""
"Hanweir Garrison","7cb29569-48e1-4782-9906-fad155ebfafe","{2}{R}","Creature — Human Soldier","R","meld","deferred","complex-layout",""
"Hanweir, the Writhing Township","f4905c40-003e-4992-b8d7-3f07ba09c686","","Legendary Creature — Eldrazi Ooze","R","meld","deferred","complex-layout",""
"Happy Dead Squirrel","c3e5d355-fbfb-4489-aeea-8b0ea5de6fcd","","Stickers","","normal","deferred","noncreature-needs-explicit-semantics",""
"Harmonious Emergence","ad8fd4e9-f6ae-4f24-b806-4509c8f4ee47","{3}{G}","Enchantment — Aura","G","normal","deferred","noncreature-needs-explicit-semantics",""
"Harvest Mage","6f82b01d-8975-42a1-87e2-99782272bbea","{G}","Creature — Human Spellshaper","G","normal","deferred","oracle-needs-explicit-semantics",""
"Haunted House","fcd0ef3b-46dc-4a1c-8163-8c2319769419","","Artifact — Attraction","","normal","deferred","noncreature-needs-explicit-semantics",""
"Havengul Laboratory // Havengul Mystery","e71ac446-02a4-4468-8d29-f28b21617665","","Legendary Land // Legendary Land","B","transform","deferred","double-faced-card-needs-complete-back-semantics",""
"Hawkeye, Master Marksman","6b59bb1f-f2d4-4d47-bd57-23927d588381","{1}{R}","Legendary Creature — Human Archer Hero","R","normal","deferred","oracle-needs-explicit-semantics",""
"Head of the Hunt","0523e271-5e0b-4e4b-9eac-86f915d18952","{2}{B}{B}","Creature — Wolf","B","normal","deferred","oracle-needs-explicit-semantics",""
"Heart of Bogardan","1e1d8c64-4cea-4c2c-8933-be19d13bf07c","{2}{R}{R}","Enchantment","R","normal","deferred","noncreature-needs-explicit-semantics",""
"Heat Wave","d8f08699-6210-41c3-bfa0-c4b3bcbbaf1c","{2}{R}","Enchantment","R","normal","deferred","noncreature-needs-explicit-semantics",""
"Hellcarver Demon","90514aa5-84b6-4be7-b6d0-b05529c97140","{3}{B}{B}{B}","Creature — Demon","B","normal","deferred","oracle-needs-explicit-semantics",""
"Helm of Chatzuk","948e3bb7-8265-4e95-acd1-a0c4f22441df","{1}","Artifact","","normal","deferred","noncreature-needs-explicit-semantics",""
"Henry Wu, InGen Geneticist","d94a792f-a48b-4181-b656-86fe452a4875","{B}{G}{U}","Legendary Creature — Human Scientist","BGU","normal","deferred","oracle-needs-explicit-semantics",""
"Herald of Leshrac","ed9e39ad-996c-4a68-8d11-e1c7d35f556c","{6}{B}","Creature — Avatar","B","normal","deferred","oracle-needs-explicit-semantics",""
"Herigast, Erupting Nullkite","76243b38-cab1-465f-aa7d-5bc617541753","{9}","Legendary Creature — Eldrazi Dragon","R","normal","deferred","oracle-needs-explicit-semantics",""
"Heroism","74716642-fc8c-4f62-a556-154ed0b4af0e","{2}{W}","Enchantment","RW","normal","deferred","noncreature-needs-explicit-semantics",""
"Hew the Entwood","8818bbf8-58ec-4070-a81a-c7ce248057ab","{3}{R}{R}","Sorcery","R","normal","deferred","spell-needs-explicit-semantics",""
"Hidetsugu and Kairi","18591d9e-c9f5-4ae8-aee1-8580bc8fa600","{2}{U}{U}{B}","Legendary Creature — Ogre Demon Dragon","BU","normal","deferred","oracle-needs-explicit-semantics",""
"Historian's Boon","ce1e6ae2-78c1-4bc6-bb73-bb025dd67a90","{3}{W}","Enchantment","W","normal","deferred","noncreature-needs-explicit-semantics",""
"Hiveheart Shaman","c3780529-d47e-48dc-86f6-c1a282c3b656","{3}{G}","Creature — Human Shaman","G","normal","deferred","oracle-needs-explicit-semantics",""
"Hoarding Broodlord","18e856b5-aab7-4802-8cec-1d44dd95d9f7","{5}{B}{B}{B}","Creature — Dragon","B","normal","deferred","oracle-needs-explicit-semantics",""
"Hogaak, Arisen Necropolis","97acd977-164d-49d5-b3a1-72e0d75c9016","{5}{B/G}{B/G}","Legendary Creature — Avatar","BG","normal","deferred","oracle-needs-explicit-semantics",""
"Hollow Specter","797aed94-c409-4441-88c1-baba7e212696","{1}{B}{B}","Creature — Specter","B","normal","deferred","oracle-needs-explicit-semantics",""
"Hollow Warrior","18ca77d9-4740-4be4-913a-e21c9ed9e43f","{4}","Artifact Creature — Golem Warrior","","normal","deferred","oracle-needs-explicit-semantics",""
"Hulk's Thunderclap","e377059d-a918-462f-920a-6b062bd5fcfd","{1}{G}","Sorcery","G","normal","deferred","spell-needs-explicit-semantics",""
"Hunter Sliver","f28b2ebe-49ef-4585-9bf2-7340abf3f0d3","{1}{R}","Creature — Sliver","R","normal","deferred","oracle-needs-explicit-semantics",""
"Huntmaster of the Fells // Ravager of the Fells","582328cd-660d-47a4-bb23-e91e80b9a907","","Creature — Human Werewolf // Creature — Werewolf","GR","transform","deferred","double-faced-card-needs-complete-back-semantics",""
"Hurkyl's Final Meditation","a2099033-42d9-47ac-90c7-b41b55b7dadd","{4}{U}{U}{U}","Instant","U","normal","deferred","spell-needs-explicit-semantics",""
"Hydra Trainer","c428cbe2-17fd-4bd2-9810-de2561519f14","{1}{G}","Creature — Human Warrior","G","normal","deferred","oracle-needs-explicit-semantics",""
"Hylda of the Icy Crown","1733c71b-fd28-48dd-8a3d-41afd4b22f0e","{2}{W}{U}","Legendary Creature — Human Warlock","UW","normal","deferred","oracle-needs-explicit-semantics",""
"Ian Malcolm, Chaotician","57ff1665-0a7b-4d98-bd8f-cc07cf04f701","{1}{U}{R}","Legendary Creature — Human Scientist","RU","normal","deferred","oracle-needs-explicit-semantics",""
"Icatian Infantry","9eb274f3-ef55-4545-81b4-29454a48f075","{W}","Creature — Human Soldier","W","normal","deferred","oracle-needs-explicit-semantics",""
"Icatian Skirmishers","8ddbe82b-7fc9-4b2c-85de-dc747adbb3ca","{3}{W}","Creature — Human Soldier","W","normal","deferred","oracle-needs-explicit-semantics",""
"Illusion of Choice","e3ad9287-ef13-4b66-9df8-b17e15bb4b0f","{U}","Instant","U","normal","deferred","spell-needs-explicit-semantics",""
"Illusionary Informant","5e8c6894-c9ad-4a50-af13-c2d95395c71e","{1}{U}","Creature — Bird Illusion","U","normal","deferred","oracle-needs-explicit-semantics",""
"Imaginary Threats","b1bc4498-43c0-461c-afba-ef81d743e5aa","{2}{U}{U}","Instant","U","normal","deferred","spell-needs-explicit-semantics",""
"Immard, the Stormcleaver","104f65d3-bedb-4dc5-a5dd-8ab9fe796af4","{1}{U}{R}{W}","Legendary Creature — Human Soldier","RUW","normal","deferred","oracle-needs-explicit-semantics",""
"Immortal Coil","c85fc672-12d8-4ab0-b18d-ccd590ac063c","{2}{B}{B}","Artifact","B","normal","deferred","noncreature-needs-explicit-semantics",""
"Imperial Mask","e4c92768-00a1-450f-8fca-81b28b353bb6","{4}{W}","Enchantment","W","normal","deferred","noncreature-needs-explicit-semantics",""
"Imperiosaur","e9ced5d8-8337-403f-86a3-bddb9c77d658","{2}{G}{G}","Creature — Dinosaur","G","normal","deferred","oracle-needs-explicit-semantics",""
"Improvisation Capstone","fd4f0315-567a-4cc5-bc7e-88a9d2cee910","{5}{R}{R}","Sorcery — Lesson","R","normal","deferred","spell-needs-explicit-semantics",""
"Incinerator of the Guilty","9b7d037f-3269-4e3b-9744-a977acb69c67","{4}{R}{R}","Creature — Dragon","R","normal","deferred","oracle-needs-explicit-semantics",""
"Indominus Rex, Alpha","723a66c3-2c2c-411c-bba5-922e8601981b","{1}{U/B}{U/B}{G}{G}","Legendary Creature — Dinosaur Mutant","BGU","normal","deferred","oracle-needs-explicit-semantics",""
"Infernal Denizen","2f33aced-c737-4b3c-ba25-aff7b340c2d7","{7}{B}","Creature — Demon","B","normal","deferred","oracle-needs-explicit-semantics",""
"Infinite Authority","b4faba1a-23db-4678-9ce6-a7816105f22a","{W}{W}{W}","Enchantment — Aura","W","normal","deferred","noncreature-needs-explicit-semantics",""
"Information Booth","2155f3d8-c876-42bc-b546-a476425a4133","","Artifact — Attraction","","normal","deferred","noncreature-needs-explicit-semantics",""
"Ink-Treader Nephilim","3846b499-59c8-4e77-b46a-1d697bcbded7","{R}{G}{W}{U}","Creature — Nephilim","GRUW","normal","deferred","oracle-needs-explicit-semantics",""
"Inniaz, the Gale Force","b06ebf74-4042-4c8f-a70b-98ba9e74e6ed","{3}{U}{U}","Legendary Creature — Djinn","UW","normal","deferred","oracle-needs-explicit-semantics",""
"Innkeeper's Talent","915b75d1-b5e3-4aca-a54c-beaccef0a2e4","{1}{G}","Enchantment — Class","G","class","deferred","class-level-needs-complete-semantics-v21",""
"Inside Information","66961bcb-f588-47a7-b3f3-12f4ac674477","{X}{B}{B}","Sorcery","B","normal","deferred","spell-needs-explicit-semantics",""
"Intellect Devourer","a06fa827-900b-46d4-8f48-b4e15964951a","{3}{B}","Creature — Horror","B","normal","deferred","oracle-needs-explicit-semantics",""
"Invasion Plans","db9c0d94-9fa5-4f07-be48-23e19d2f3d68","{2}{R}","Enchantment","R","normal","deferred","noncreature-needs-explicit-semantics",""
"Invasion of Alara // Awaken the Maelstrom","8faa4330-07bb-4b65-810a-bbce29d3cd42","","Battle — Siege // Sorcery","BGRUW","transform","deferred","double-faced-card-needs-complete-front-semantics",""
"Invasion of Amonkhet // Lazotep Convert","fd9b8889-a78a-4cda-9a6b-39f5536c3a0b","","Battle — Siege // Creature — Zombie","BU","transform","deferred","double-faced-card-needs-complete-front-semantics",""
"Invasion of Arcavios // Invocation of the Founders","9794e31f-e73d-4aa0-a421-dc496080c987","","Battle — Siege // Enchantment","U","transform","deferred","double-faced-card-needs-complete-front-semantics",""
"Invasion of Azgol // Ashen Reaper","1abcdddd-0022-4dfe-8c15-eb1fa86de614","","Battle — Siege // Creature — Zombie Elemental","BR","transform","deferred","double-faced-card-needs-complete-front-semantics",""
"Invasion of Belenon // Belenon War Anthem","e462e78d-2d26-4a2d-8d8f-5f31abe5c924","","Battle — Siege // Enchantment","W","transform","deferred","double-faced-card-needs-complete-front-semantics",""
"Invasion of Dominaria // Serra Faithkeeper","dcbd8b15-e5fd-4f0d-ba2d-06f018b64fb3","","Battle — Siege // Creature — Angel","W","transform","deferred","double-faced-card-needs-complete-front-semantics",""
"Invasion of Eldraine // Prickle Faeries","329fcb1e-7066-46c5-ba27-20ed2b18c1ba","","Battle — Siege // Creature — Faerie","B","transform","deferred","double-faced-card-needs-complete-front-semantics",""
"Invasion of Ergamon // Truga Cliffcharger","fe84933e-d98f-4cbc-b272-387a80894e31","","Battle — Siege // Creature — Rhino","GR","transform","deferred","double-faced-card-needs-complete-front-semantics",""
"Invasion of Fiora // Marchesa, Resolute Monarch","7209f2b6-8851-42ab-bac6-5cf06e211e46","","Battle — Siege // Legendary Creature — Human Noble","B","transform","deferred","double-faced-card-needs-complete-front-semantics",""
"Invasion of Gobakhan // Lightshield Array","86c32a56-3272-4738-b0b3-a8aa49a17ce4","","Battle — Siege // Enchantment","W","transform","deferred","double-faced-card-needs-complete-front-semantics",""
"Invasion of Ikoria // Zilortha, Apex of Ikoria","21d90735-5e04-4a8c-a546-ff26d4d5998d","","Battle — Siege // Legendary Creature — Dinosaur","G","transform","deferred","double-faced-card-needs-complete-front-semantics",""
"Invasion of Innistrad // Deluge of the Dead","a3c1af66-63c8-41ec-a401-a3da1131dc67","","Battle — Siege // Enchantment","B","transform","deferred","double-faced-card-needs-complete-front-semantics",""
"Invasion of Ixalan // Belligerent Regisaur","1e5a5a7d-2c34-4e56-96e9-ebcf7745a03c","","Battle — Siege // Creature — Dinosaur","G","transform","deferred","double-faced-card-needs-complete-front-semantics",""
"Invasion of Kaladesh // Aetherwing, Golden-Scale Flagship","bc6f4f73-e10c-44ae-926d-9e5f6ddc14be","","Battle — Siege // Legendary Artifact — Vehicle","RU","transform","deferred","double-faced-card-needs-complete-front-semantics",""
"Invasion of Kaldheim // Pyre of the World Tree","66914a34-59b3-48a0-9305-ebd956d34f02","","Battle — Siege // Enchantment","R","transform","deferred","double-faced-card-needs-complete-front-semantics",""
"Invasion of Kamigawa // Rooftop Saboteurs","462fa2a4-651b-4fc1-b73b-1bd4508c8f75","","Battle — Siege // Creature — Moonfolk Ninja","U","transform","deferred","double-faced-card-needs-complete-front-semantics",""
"Invasion of Karsus // Refraction Elemental","2d125ef5-074c-44eb-a1d0-c308d48bfbc2","","Battle — Siege // Creature — Elemental","R","transform","deferred","double-faced-card-needs-complete-front-semantics",""
"Invasion of Kylem // Valor's Reach Tag Team","fee0aa18-5103-4814-94e3-87ad3eaf5a6f","","Battle — Siege // Sorcery","RW","transform","deferred","double-faced-card-needs-complete-front-semantics",""
"Invasion of Lorwyn // Winnowing Forces","c877a430-75bc-45ac-b11d-2365d11ed341","","Battle — Siege // Creature — Elf Warrior","BG","transform","deferred","double-faced-card-needs-complete-front-semantics",""
"Invasion of Mercadia // Kyren Flamewright","dd5a9ea5-0f27-4492-97d1-1a9970094c19","","Battle — Siege // Creature — Goblin Spellshaper","R","transform","deferred","double-faced-card-needs-complete-front-semantics",""
"Invasion of Moag // Bloomwielder Dryads","a9855326-8958-4b03-b81b-1f9e4d1335b1","","Battle — Siege // Creature — Dryad","GW","transform","deferred","double-faced-card-needs-complete-front-semantics",""
"Invasion of Muraganda // Primordial Plasm","2e0d12dc-55fa-4363-b28f-612e7cfa12c6","","Battle — Siege // Creature — Ooze","G","transform","deferred","double-faced-card-needs-complete-front-semantics",""
"Invasion of New Capenna // Holy Frazzle-Cannon","530dc119-e266-4525-abe9-7fab599e9de2","","Battle — Siege // Artifact — Equipment","BW","transform","deferred","double-faced-card-needs-complete-front-semantics",""
"Invasion of New Phyrexia // Teferi Akosa of Zhalfir","480ea052-87d7-4fea-ac97-b6121b78f863","","Battle — Siege // Legendary Planeswalker — Teferi","UW","transform","deferred","double-faced-card-needs-complete-front-semantics",""
"Invasion of Pyrulea // Gargantuan Slabhorn","323437f5-cc6c-4579-b591-499476dffb3c","","Battle — Siege // Creature — Beast","GU","transform","deferred","double-faced-card-needs-complete-front-semantics",""
"Invasion of Ravnica // Guildpact Paragon","78da7a38-0f08-4371-bda3-38f079f7724d","","Battle — Siege // Artifact Creature — Construct","","transform","deferred","double-faced-card-needs-complete-front-semantics",""
"Invasion of Regatha // Disciples of the Inferno","4f0bcfe5-7e52-4249-a26a-482619716f18","","Battle — Siege // Creature — Human Monk","R","transform","deferred","double-faced-card-needs-complete-front-semantics",""
"Invasion of Segovia // Caetus, Sea Tyrant of Segovia","7b3c0d89-55ed-43d7-a00a-7b060857ec4e","","Battle — Siege // Legendary Creature — Serpent","U","transform","deferred","double-faced-card-needs-complete-front-semantics",""
"Invasion of Shandalar // Leyline Surge","b5fe62f0-d914-4789-afd3-3831dcdbed7b","","Battle — Siege // Enchantment","G","transform","deferred","double-faced-card-needs-complete-front-semantics",""
"Invasion of Tarkir // Defiant Thundermaw","5c7f02ad-1daf-4d1a-bef0-0b2064f9b67e","","Battle — Siege // Creature — Dragon","R","transform","deferred","double-faced-card-needs-complete-front-semantics",""
"Invasion of Theros // Ephara, Ever-Sheltering","ba5f7f37-352a-4b9c-b648-0ba5c8d842fc","","Battle — Siege // Legendary Enchantment Creature — God","UW","transform","deferred","double-faced-card-needs-complete-front-semantics",""
"Invasion of Tolvada // The Broken Sky","7f8dad7f-a573-469f-9095-4ba3886b4f0b","","Battle — Siege // Enchantment","BW","transform","deferred","double-faced-card-needs-complete-front-semantics",""
"Invasion of Ulgrotha // Grandmother Ravi Sengir","f1acb469-9d02-44e6-8c09-8b4157551b2c","","Battle — Siege // Legendary Creature — Human Wizard","B","transform","deferred","double-faced-card-needs-complete-front-semantics",""
"Invasion of Vryn // Overloaded Mage-Ring","73c7fdb3-4742-4d08-8658-daa4435c49b1","","Battle — Siege // Artifact","U","transform","deferred","double-faced-card-needs-complete-front-semantics",""
"Invasion of Xerex // Vertex Paladin","8b5add91-2e82-4430-bfc5-f4a6366dbbdb","","Battle — Siege // Creature — Angel Knight","UW","transform","deferred","double-faced-card-needs-complete-front-semantics",""
"Invasion of Zendikar // Awakened Skyclave","4b1874af-4ea5-4e22-a4d4-e718d75fe95e","","Battle — Siege // Creature — Elemental","G","transform","deferred","double-faced-card-needs-complete-front-semantics",""
"Invoke Justice","3e5cd60f-8fef-4152-a957-0a803997b3da","{1}{W}{W}{W}{W}","Sorcery","W","normal","deferred","spell-needs-explicit-semantics",""
"Iroh, Grand Lotus","ee8e6ef3-eb96-48bd-8619-8a9112b3d4f0","{3}{G}{U}{R}","Legendary Creature — Human Noble Ally","GRU","normal","deferred","oracle-needs-explicit-semantics",""
"Iroh, Tea Master","87adda41-113b-4126-8978-25a258b31bdd","{1}{R}{W}","Legendary Creature — Human Citizen Ally","RW","normal","deferred","oracle-needs-explicit-semantics",""
"Iron Man, Titan of Innovation","67ab82de-1167-42f5-90bd-21c63edcc712","{3}{U}{R}","Legendary Artifact Creature — Human Hero","RU","normal","deferred","oracle-needs-explicit-semantics",""
"Iron Mastiff","6d00e24f-c89f-49fa-869e-d788021aa084","{4}","Artifact Creature — Dog","","normal","deferred","oracle-needs-explicit-semantics",""
"Jabari's Influence","8930b1ce-80ac-48b6-a368-ccff9fd01d38","{3}{W}{W}","Instant","W","normal","deferred","spell-needs-explicit-semantics",""
"Jace, Reality Sculptor","bf0e9e00-fba5-448a-9052-ae730aea4bf8","{3}{U}{U}","Legendary Planeswalker — Jace","U","normal","deferred","noncreature-needs-explicit-semantics",""
"Jack of Hearts, Volatile Hero","25b30117-03ef-49a5-8743-2d1c167d4bc3","{1}{R}{R}","Legendary Creature — Alien Human Hero","R","normal","deferred","oracle-needs-explicit-semantics",""
"Jacob Hauken, Inspector // Hauken's Insight","16d2a56a-7181-4ef3-866b-10dd8615d9e9","","Legendary Creature — Human Advisor // Legendary Enchantment","U","transform","deferred","double-faced-card-needs-complete-front-semantics",""
"Jadzi, Oracle of Arcavios // Journey to the Oracle","ca79cd3f-13ba-4d11-b885-48a504ae69aa","","Legendary Creature — Human Wizard // Sorcery","GU","modal_dfc","deferred","double-faced-card-needs-complete-front-semantics",""
"Jared Carthalion, True Heir","b48da54c-002f-4afb-9fdf-2a3e1cf77383","{R}{G}{W}","Legendary Creature — Human Warrior","GRW","normal","deferred","oracle-needs-explicit-semantics",""
"Jasmine Boreal of the Seven","138201c0-556d-4c76-b383-90fc9dad0fe0","{1}{G}{W}","Legendary Creature — Human Druid","GW","normal","deferred","oracle-needs-explicit-semantics",""
"Jaws, Relentless Predator","1202725c-170b-42d7-9f82-a431a987f30e","{3}{R}{R}","Legendary Creature — Shark","R","normal","deferred","oracle-needs-explicit-semantics",""
"Jaxis, the Troublemaker","764121bf-535d-40d0-ab9d-65486da31734","{3}{R}","Legendary Creature — Human Warrior","R","normal","deferred","oracle-needs-explicit-semantics",""
"Jetfire, Ingenious Scientist // Jetfire, Air Guardian","38de7183-81ef-4a79-b231-7195ba89a281","","Legendary Artifact Creature — Robot // Legendary Artifact — Vehicle","U","transform","deferred","double-faced-card-needs-face-transition-semantics",""
"Jetpack Death Seltzer","fe37c718-b3fb-4e95-a547-dd741b70421c","","Stickers","","normal","deferred","noncreature-needs-explicit-semantics",""
"Jin-Gitaxias // The Great Synthesis","b70c3adb-64ba-49ea-bcf6-6406a58cb453","","Legendary Creature — Phyrexian Praetor // Enchantment — Saga","U","transform","deferred","double-faced-card-needs-complete-back-semantics",""
"Jodah, the Unifier","490a8045-e160-4ccf-a05e-658ad2b7ac2d","{W}{U}{B}{R}{G}","Legendary Creature — Human Wizard","BGRUW","normal","deferred","oracle-needs-explicit-semantics",""
"Johan","ad33ada7-4f89-4cab-88db-1f4d024baa36","{3}{R}{G}{W}","Legendary Creature — Human Wizard","GRW","normal","deferred","oracle-needs-explicit-semantics",""
"Jon Irenicus, Shattered One","c5c19d6e-16d5-4d24-be2d-c63646bdf00c","{2}{U}{B}","Legendary Creature — Elf Wizard","BU","normal","deferred","oracle-needs-explicit-semantics",""
"Judith, Carnage Connoisseur","e86c965b-ac10-4fff-b682-dddd6d9747c6","{3}{B}{R}","Legendary Creature — Human Shaman","BR","normal","deferred","oracle-needs-explicit-semantics",""
"Kagha, Shadow Archdruid","f78db9ad-d4a3-4e49-a76e-bd31124b7837","{2}{B}{G}","Legendary Creature — Elf Druid","BG","normal","deferred","oracle-needs-explicit-semantics",""
"Kaheera, the Orphanguard","35428c77-9731-4d4d-8f75-e939a491cf86","{1}{G/W}{G/W}","Legendary Creature — Cat Beast","GW","normal","deferred","oracle-needs-explicit-semantics",""
"Kain, Traitorous Dragoon","70fbb378-d905-47cf-8c54-cc166a7867b3","{2}{B}","Legendary Creature — Human Knight","B","normal","deferred","oracle-needs-explicit-semantics",""
"Kaito, Bane of Nightmares","fa43077b-5d8b-4fb1-8dda-2a9185e6715e","{2}{U}{B}","Legendary Planeswalker — Kaito","BU","normal","deferred","noncreature-needs-explicit-semantics",""
"Kaito, Dancing Shadow","17fd42f6-f388-4ffc-8fec-ca9ada2506ee","{2}{U}{B}","Legendary Planeswalker — Kaito","BU","normal","deferred","noncreature-needs-explicit-semantics",""
"Kang the Conqueror","da6e24a4-8adc-41a1-b5eb-3e31dc1250c9","{2}{U}{U}","Legendary Creature — Human Villain","U","normal","deferred","oracle-needs-explicit-semantics",""
"Karai, Future of the Foot","7246638e-0361-40e3-8019-3c10210a593e","{1}{W}{B}","Legendary Creature — Human Ninja","BW","normal","deferred","oracle-needs-explicit-semantics",""
"Kargan Intimidator","045bf1fd-f375-47a0-9983-7e2ebfed7854","{1}{R}","Creature — Human Warrior","R","normal","deferred","oracle-needs-explicit-semantics",""
"Karn Liberated","0ca233f4-1b7f-4807-ab6e-2b1f5439b3db","{7}","Legendary Planeswalker — Karn","","normal","deferred","noncreature-needs-explicit-semantics",""
"Karn, Living Legacy","09ab1278-811f-4b97-bd34-7493d6e081e9","{4}","Legendary Planeswalker — Karn","","normal","deferred","noncreature-needs-explicit-semantics",""
"Karn, the Great Creator","a20dd48d-d344-4db1-b0e9-a2b71c3cc9d1","{4}","Legendary Planeswalker — Karn","","normal","deferred","noncreature-needs-explicit-semantics",""
"Kassandra, Eagle Bearer","745b9a2c-bcd7-4db9-8cd0-d38be2ef6270","{1}{R}{W}","Legendary Creature — Human Assassin Warrior","RW","normal","deferred","oracle-needs-explicit-semantics",""
"Katara, Seeking Revenge","124cc815-0877-40f2-98c8-e7c4f8cd6598","{3}{U/B}","Legendary Creature — Human Warrior Ally","BU","normal","deferred","oracle-needs-explicit-semantics",""
"Katara, Water Tribe's Hope","234fb291-0b62-4092-9071-81311c71bd53","{2}{W}{U}{U}","Legendary Creature — Human Warrior Ally","UW","normal","deferred","oracle-needs-explicit-semantics",""
"Kaya, Spirits' Justice","0a094c5f-cefb-4ba1-90c8-dd78ae8efe95","{2}{W}{B}","Legendary Planeswalker — Kaya","BW","normal","deferred","noncreature-needs-explicit-semantics",""
"Keeper of the Dead","50ddd513-e06e-4728-b6cd-981839d0fba6","{B}{B}","Creature — Human Wizard","B","normal","deferred","oracle-needs-explicit-semantics",""
"Keldon Flamesage","0efedec3-b57c-4395-ad72-19d79560c99f","{2}{R}","Creature — Human Shaman","R","normal","deferred","oracle-needs-explicit-semantics",""
"Kellan, Planar Trailblazer","e8fd428f-7521-4e6a-86b7-835f20ee3c5c","{R}","Legendary Creature — Human Faerie Scout","R","normal","deferred","oracle-needs-explicit-semantics",""
"Kellan, the Kid","afacc200-16ff-40f3-9d43-268438131d24","{G}{W}{U}","Legendary Creature — Human Faerie Rogue","GUW","normal","deferred","oracle-needs-explicit-semantics",""
"Keranos, God of Storms","2bd6f13a-ae02-426d-8f99-c20c5c08cf55","{3}{U}{R}","Legendary Enchantment Creature — God","RU","normal","deferred","oracle-needs-explicit-semantics",""
"Keruga, the Macrosage","ca5121b2-e6d9-40bc-a2d2-05852c4efbe8","{3}{G/U}{G/U}","Legendary Creature — Dinosaur Hippo","GU","normal","deferred","oracle-needs-explicit-semantics",""
"Ketramose, the New Dawn","de41ad94-b9d7-4c2b-bfa6-394d18737228","{1}{W}{B}","Legendary Creature — God","BW","normal","deferred","oracle-needs-explicit-semantics",""
"Kheru Lich Lord","7e4cbfd1-2393-4643-bc05-022d06b30210","{3}{B}{G}{U}","Creature — Zombie Wizard","BGU","normal","deferred","oracle-needs-explicit-semantics",""
"Kick in the Door","d3278ddb-c198-450d-946e-8547e5c96dd1","{R}","Sorcery","R","normal","deferred","spell-needs-explicit-semantics",""
"Kiddie Coaster","c99ce798-e332-4672-8fba-6da74ab14582","","Artifact — Attraction","","normal","deferred","noncreature-needs-explicit-semantics",""
"Kill-Suit Cultist","52ddf96d-3d6a-439c-b486-d806cbc32d77","{R}","Creature — Goblin Berserker","BR","normal","deferred","oracle-needs-explicit-semantics",""
"Kiora, Sovereign of the Deep","95df54e2-0196-4e54-8144-de5982ce07f5","{3}{G}{U}","Legendary Creature — Merfolk Noble","GU","normal","deferred","oracle-needs-explicit-semantics",""
"Kitesail Larcenist","2452be47-cc23-47f7-a3a1-fec900bb0119","{2}{U}","Creature — Human Pirate","U","normal","deferred","oracle-needs-explicit-semantics",""
"Kitnap","a1bd1e83-40ac-449f-838c-ef308f275a5d","{2}{U}{U}","Enchantment — Aura","U","normal","deferred","noncreature-needs-explicit-semantics",""
"Kjeldoran Escort","1c6c1604-0724-40b1-9df6-71e57e5063c9","{2}{W}{W}","Creature — Human Soldier","W","normal","deferred","oracle-needs-explicit-semantics",""
"Kjeldoran Guard","bd699cf8-56c7-4375-920e-8dd22c83a82c","{1}{W}","Creature — Human Soldier","W","normal","deferred","oracle-needs-explicit-semantics",""
"Kjeldoran Knight","5d7747b4-061d-4459-ba80-51361526cbfa","{W}{W}","Creature — Human Knight","W","normal","deferred","oracle-needs-explicit-semantics",""
"Kjeldoran Phalanx","a8563a4f-a23b-4cb5-b6e5-795bf8d74ee6","{5}{W}","Creature — Human Soldier","W","normal","deferred","oracle-needs-explicit-semantics",""
"Kjeldoran Skyknight","b06db20f-84c4-4e2e-a184-3cd70ea0d10d","{2}{W}","Creature — Human Knight","W","normal","deferred","oracle-needs-explicit-semantics",""
"Kjeldoran Warrior","73b70a48-b62c-4fdf-9c2d-c6d6688f9ac8","{W}","Creature — Human Warrior","W","normal","deferred","oracle-needs-explicit-semantics",""
"Knight of the Holy Nimbus","4e92c705-19c2-42df-ad12-808d272c505e","{W}{W}","Creature — Human Rebel Knight","W","normal","deferred","oracle-needs-explicit-semantics",""
"Knight-Errant of Eos","4bd20d79-0861-494a-a8f2-f6ddb5088004","{4}{W}","Creature — Human Knight","W","normal","deferred","oracle-needs-explicit-semantics",""
"Kogla and Yidaro","fe8c2b7e-f80d-4acb-a976-edcf436a78a9","{2}{R}{R}{G}{G}","Legendary Creature — Ape Dinosaur Turtle","GR","normal","deferred","oracle-needs-explicit-semantics",""
"Koh, the Face Stealer","2bbb33e3-7d03-457c-92bb-b0c943615fa1","{4}{B}{B}","Legendary Creature — Shapeshifter Spirit","B","normal","deferred","oracle-needs-explicit-semantics",""
"Kongming's Contraptions","c3327ffe-f47f-4f5b-b929-a7706ef4932d","{3}{W}","Creature — Human Soldier","W","normal","deferred","oracle-needs-explicit-semantics",""
"Korvold, Gleeful Glutton","99e89098-bc55-4297-9407-ab9256b609da","{5}{B}{R}{G}","Legendary Creature — Dragon Noble","BGR","normal","deferred","oracle-needs-explicit-semantics",""
"Kotis, the Fangkeeper","2eb2f6a2-e31a-4d3e-93ce-100394899014","{1}{B}{G}{U}","Legendary Creature — Zombie Warrior","BGU","normal","deferred","oracle-needs-explicit-semantics",""
"Kotose, the Silent Spider","bfef4daa-b950-46ce-8c08-11f9983741cf","{3}{U}{B}","Legendary Creature — Human Ninja","BU","normal","deferred","oracle-needs-explicit-semantics",""
"Krang & Shredder","2385c8fb-9c38-4ff3-8f61-4e25a8c7d46b","{4}{U/B}{U/B}","Legendary Creature — Utrom Human Ninja","BU","normal","deferred","oracle-needs-explicit-semantics",""
"Kratos, Stoic Father","c000d5c3-5b0c-4c5c-9919-76640da0a1e4","{2}{R}{W}","Legendary Creature — God Warrior","RW","normal","deferred","oracle-needs-explicit-semantics",""
"Krenko's Buzzcrusher","79a63064-f25b-4c34-867e-a9d32da97b14","{2}{R}{R}","Artifact Creature — Insect Thopter","R","normal","deferred","oracle-needs-explicit-semantics",""
"Krumar Initiate","65a7fb13-77b9-44ea-9e0e-34daef82eb69","{1}{B}","Creature — Human Cleric","B","normal","deferred","oracle-needs-explicit-semantics",""
"Kylox, Visionary Inventor","37f6bbb8-2136-4f03-966c-85d72180e71f","{5}{U}{R}","Legendary Creature — Lizard Artificer","RU","normal","deferred","oracle-needs-explicit-semantics",""
"Labyrinth Raptor","a29b2e93-d872-4be8-8b15-57f57282ed45","{B}{R}","Creature — Nightmare Dinosaur","BR","normal","deferred","oracle-needs-explicit-semantics",""
"Lae'zel's Acrobatics","3efe6ac8-f92e-4108-913b-077e41c0a841","{3}{W}","Instant","W","normal","deferred","spell-needs-explicit-semantics",""
"Lae'zel, Vlaakith's Champion","c066f921-e349-45d1-8ec3-0955d10bbf19","{2}{W}","Legendary Creature — Gith Warrior","W","normal","deferred","oracle-needs-explicit-semantics",""
"Land Grant","e36f4649-934d-4e8a-bd5f-39f164ea6937","{1}{G}","Sorcery","G","normal","deferred","spell-needs-explicit-semantics",""
"Lara Croft, Tomb Raider","ddfd9dca-c886-4e13-b467-990469c31a61","{G}{U}{R}","Legendary Creature — Human Ranger","GRU","normal","deferred","oracle-needs-explicit-semantics",""
"Last Voyage of the _____","54ddf766-b528-488d-9b98-8a101bdb5de9","{3}{B}","Enchantment","B","normal","deferred","noncreature-needs-explicit-semantics",""
"Lavabrink Venturer","ea66ffa3-d084-434f-91a6-fdff49806285","{2}{W}","Creature — Human Soldier","W","normal","deferred","oracle-needs-explicit-semantics",""
"Lazav, Familiar Stranger","ca60623a-1a98-4153-a0ee-2f34981de5cb","{1}{U}{B}","Legendary Creature — Shapeshifter","BU","normal","deferred","oracle-needs-explicit-semantics",""
"Leader, Super-Genius","bec686dd-a9ea-4db5-bc20-8e40420b9a9b","{2}{U}{U}","Legendary Creature — Gamma Scientist Villain","U","normal","deferred","oracle-needs-explicit-semantics",""
"Leatherhead, Swamp Stalker","ee9b606a-a1fe-43c8-84d0-9bf7b012cc75","{2}{G}{G}","Legendary Creature — Crocodile Mutant Rogue","G","normal","deferred","oracle-needs-explicit-semantics",""
"Legion Angel","843c9962-dee1-449d-8106-6383df32bcf6","{2}{W}{W}","Creature — Angel Warrior","W","normal","deferred","oracle-needs-explicit-semantics",""
"Leonardo, Sewer Samurai","74e3243b-6707-4769-8767-7cf2ef71009a","{3}{W}","Legendary Creature — Mutant Ninja Turtle Samurai","W","normal","deferred","oracle-needs-explicit-semantics",""
"Leovold's Operative","8fedb2c2-fb13-4af1-b85e-714832562da7","{2}{G}","Creature — Elf Rogue","G","normal","deferred","oracle-needs-explicit-semantics",""
"Leviathan","d8c49932-9b4f-4cb0-a7e9-4b7eb12203ee","{5}{U}{U}{U}{U}","Creature — Leviathan","U","normal","deferred","oracle-needs-explicit-semantics",""
"Leyline of Combustion","49a5c149-5067-4840-8385-c2989d7e5a34","{2}{R}{R}","Enchantment","R","normal","deferred","noncreature-needs-explicit-semantics",""
"Lich's Mastery","785c306c-471c-4699-8ab2-43c253d569cf","{3}{B}{B}{B}","Legendary Enchantment","B","normal","deferred","noncreature-needs-explicit-semantics",""
"Lich's Mirror","e81da4a7-4b03-4107-b7d9-4b635faa615d","{5}","Artifact","","normal","deferred","noncreature-needs-explicit-semantics",""
"Liege of the Hollows","bef7441e-5a44-46bc-8141-8e02ecd06fce","{2}{G}{G}","Creature — Spirit","G","normal","deferred","oracle-needs-explicit-semantics",""
"Liege of the Tangle","a85b845c-a196-43db-b740-6ce191345097","{6}{G}{G}","Creature — Elemental","G","normal","deferred","oracle-needs-explicit-semantics",""
"Liesa, Shroud of Dusk","2270daaf-252d-40c4-bed5-bd46ae15f041","{2}{W}{W}{B}","Legendary Creature — Angel","BW","normal","deferred","oracle-needs-explicit-semantics",""
"Lieutenants of the Guard","80745dea-2335-43fc-9915-f62e0436e73b","{4}{W}","Creature — Human Soldier","W","normal","deferred","oracle-needs-explicit-semantics",""
"Light Up the Night","4669926b-93f9-4d80-aee3-492fbf8e0a0a","{X}{R}","Sorcery","R","normal","deferred","unbound-target-damage-source",""
"Light-Paws, Emperor's Voice","1718a442-b878-4690-b608-a013de3d79fc","{1}{W}","Legendary Creature — Fox Advisor","W","normal","deferred","oracle-needs-explicit-semantics",""
"Lightning Storm","2c0fceb6-d92d-4f4a-85a2-0af5be5bba81","{1}{R}{R}","Instant","R","normal","deferred","spell-needs-explicit-semantics",""
"Lightning, Army of One","585eb5bc-5a3d-44d8-b593-1ff0d67f96a7","{1}{R}{W}","Legendary Creature — Human Soldier","RW","normal","deferred","oracle-needs-explicit-semantics",""
"Lightstall Inquisitor","57012049-06d7-4354-8125-9ea9e742f14d","{W}","Creature — Angel Wizard","W","normal","deferred","oracle-needs-explicit-semantics",""
"Lilah, Undefeated Slickshot","0757c5a7-e51b-4c39-bb4d-b32657c10cb4","{1}{U}{R}","Legendary Creature — Human Rogue","RU","normal","deferred","oracle-needs-explicit-semantics",""
"Line Cutter","a43d9793-b2ee-427c-95ca-285611aa1a4d","{3}{B}","Creature — Human Rogue Guest","B","normal","deferred","oracle-needs-explicit-semantics",""
"Lineprancers","71433aef-5a06-449e-93b1-9565cb0afd93","{1}{G}","Creature — Centaur Performer","G","normal","deferred","oracle-needs-explicit-semantics",""
"Linvala, Shield of Sea Gate","afd8ff3e-1d57-4fc5-91dc-1a8400c98787","{1}{W}{U}","Legendary Creature — Angel Wizard","UW","normal","deferred","oracle-needs-explicit-semantics",""
"Lithoform Blight","b256c311-e37d-4b3c-889c-85443e3d5e7e","{1}{B}","Enchantment — Aura","B","normal","deferred","noncreature-needs-explicit-semantics",""
"Living Inferno","6783c46d-e4e5-4b43-9d97-6eae8aab4cb9","{6}{R}{R}","Creature — Elemental","R","normal","deferred","oracle-needs-explicit-semantics",""
"Living Wish","b9d186f5-1c92-4539-a5b5-e7fbd4b726fe","{1}{G}","Sorcery","G","normal","deferred","spell-needs-explicit-semantics",""
"Livio, Oathsworn Sentinel","53c6f2cf-ed3e-4c0c-ad42-56a6ce1622b6","{1}{W}","Legendary Creature — Human Knight","W","normal","deferred","oracle-needs-explicit-semantics",""
"Llanowar Greenwidow","23391456-5dfd-4402-88fa-3b08f5e23864","{2}{G}","Creature — Spider","G","normal","deferred","oracle-needs-explicit-semantics",""
"Loading Zone","16156274-8dc0-439c-94c4-e8c89bbb5687","{3}{G}","Enchantment","G","normal","deferred","noncreature-needs-explicit-semantics",""
"Long River Lurker","c65c4d01-29da-47e6-993c-a265cf1f198c","{2}{U}","Creature — Frog Scout","U","normal","deferred","oracle-needs-explicit-semantics",""
"Loot, the Anomaly","e0142e7d-7b0b-4290-a56c-5fa950fdccf8","{2}{B}","Legendary Creature — Beast Horror","B","normal","deferred","oracle-needs-explicit-semantics",""
"Lore Seeker","19a3c505-b180-47cc-bef3-9e807a8a4a3d","{2}","Artifact Creature — Construct","","normal","deferred","oracle-needs-explicit-semantics",""
"Lost in Thought","820ba630-c543-491c-8c77-ada69b01c79d","{1}{U}","Enchantment — Aura","U","normal","deferred","noncreature-needs-explicit-semantics",""
"Lucy MacLean, Positively Armed","1196a4cb-544c-4e7b-91cd-f0820b21a80d","{4}{W}","Legendary Creature — Human Survivor","W","normal","deferred","oracle-needs-explicit-semantics",""
"Lurking Automaton","412fbf73-a471-42ad-83fe-14f19e4e9595","{5}","Artifact Creature — Construct","","normal","deferred","oracle-needs-explicit-semantics",""
"Lurrus of the Dream-Den","3bc757c1-3adb-4321-8832-8e1cc9e687f7","{1}{W/B}{W/B}","Legendary Creature — Cat Nightmare","BW","normal","deferred","oracle-needs-explicit-semantics",""
"Lutri, the Spellchaser","158a6225-a246-4fd6-aa57-0df8067b4383","{1}{U/R}{U/R}","Legendary Creature — Elemental Otter","RU","normal","deferred","oracle-needs-explicit-semantics",""
"Lynde, Cheerful Tormentor","dc386f6c-bd4a-462a-8d42-0e7a552a4f17","{1}{U}{B}{R}","Legendary Creature — Human Warlock","BRU","normal","deferred","oracle-needs-explicit-semantics",""
"Maarika, Brutal Gladiator","a46f9f5c-775c-470d-8935-9556e1bbb23d","{2}{B}{R}{G}","Legendary Creature — Human Warrior","BGR","normal","deferred","oracle-needs-explicit-semantics",""
"Maddening Imp","97dea59e-2090-4653-9ed9-86820a20605f","{2}{B}","Creature — Imp","B","normal","deferred","oracle-needs-explicit-semantics",""
"Magar of the Magic Strings","f6fee76b-5c34-4e95-962d-d2b38fcef540","{1}{B}{R}","Legendary Creature — Minotaur Performer","BR","normal","deferred","oracle-needs-explicit-semantics",""
"Magical Hack","cba229fa-9035-405b-b091-3798898a37ee","{U}","Instant","U","normal","deferred","spell-needs-explicit-semantics",""
"Magma Pummeler","1a7c5807-afdc-4855-afd5-39839d96fc77","{X}{R}{R}","Creature — Elemental","R","normal","deferred","oracle-needs-explicit-semantics",""
"Magmatic Hellkite","2a3b29c3-f69d-4671-8907-600d21528153","{2}{R}{R}","Creature — Dragon","R","normal","deferred","oracle-needs-explicit-semantics",""
"Magnanimous Magistrate","ecd3ddd7-2fa8-466b-9319-ae51c744a05f","{5}{W}","Creature — Human Advisor","W","normal","deferred","oracle-needs-explicit-semantics",""
"Magnetic Web","c62c8006-5650-43cb-8247-da097aa42376","{2}","Artifact","","normal","deferred","noncreature-needs-explicit-semantics",""
"Make a _____ Splash","fe2601a4-cbd5-4866-92a2-5586f737c9af","{2}{U}","Enchantment","U","normal","deferred","noncreature-needs-explicit-semantics",""
"Malcolm, Alluring Scoundrel","3bba3b36-f8d7-4fd6-892a-797226210b6e","{1}{U}","Legendary Creature — Siren Pirate","U","normal","deferred","oracle-needs-explicit-semantics",""
"Mangara's Blessing","5d9431de-7cf0-43d4-9b86-e0ef4a7756f9","{2}{W}","Instant","W","normal","deferred","spell-needs-explicit-semantics",""
"Maralen, Fae Ascendant","114e1d2c-cefc-4e2a-922e-3b2ceed1871d","{2}{B}{G}{U}","Legendary Creature — Elf Faerie Noble","BGU","normal","deferred","oracle-needs-explicit-semantics",""
"Mardu Siegebreaker","1f82e4b9-e67f-4f34-ac4c-57b0b300ee42","{1}{R}{W}{B}","Creature — Human Warrior","BRW","normal","deferred","oracle-needs-explicit-semantics",""
"Market Gnome","12fa17b2-158e-4d53-897f-81111f912b00","{W}","Artifact Creature — Gnome","W","normal","deferred","oracle-needs-explicit-semantics",""
"Martyr of Bones","a099d8fa-d51e-4dbc-a03f-6f912097d41e","{B}","Creature — Human Wizard","B","normal","deferred","oracle-needs-explicit-semantics",""
"Martyrdom","f6a6da20-52c8-4921-9884-29d3a3051b0d","{1}{W}{W}","Instant","W","normal","deferred","spell-needs-explicit-semantics",""
"Master of Cruelties","d135c457-9be5-4a6e-a6fb-5b35cfb70cb0","{3}{B}{R}","Creature — Demon","BR","normal","deferred","oracle-needs-explicit-semantics",""
"Master of Predicaments","503447d9-2489-46d7-b5aa-a14bbb22dcc8","{3}{U}{U}","Creature — Sphinx","U","normal","deferred","oracle-needs-explicit-semantics",""
"Master of the Hunt","cdf89ad2-ce08-4708-88c2-8acdc861526d","{2}{G}{G}","Creature — Human","G","normal","deferred","oracle-needs-explicit-semantics",""
"Master of the Wild Hunt","dd25cab9-15cc-40f5-9b68-8f345dd7e952","{2}{G}{G}","Creature — Human Shaman","G","normal","deferred","oracle-needs-explicit-semantics",""
"Mastermind's Acquisition","6aec5b1f-cea6-4ec3-9759-e4544da8c52b","{2}{B}{B}","Sorcery","B","normal","deferred","spell-needs-explicit-semantics",""
"Mavinda, Students' Advocate","1c248187-0be3-4a03-a817-14f68f638ae7","{2}{W}","Legendary Creature — Bird Advisor","W","normal","deferred","oracle-needs-explicit-semantics",""
"Meandering Towershell","45154dc6-ff0a-4e99-8528-689757d1778e","{3}{G}{G}","Creature — Turtle","G","normal","deferred","oracle-needs-explicit-semantics",""
"Meathook Massacre II","68957dca-df5c-4051-af22-407cb7e47200","{X}{X}{B}{B}{B}{B}","Legendary Enchantment","B","normal","deferred","noncreature-needs-explicit-semantics",""
"Meeting of the Five","60fc4c2d-1bf9-4c9a-a240-ab9b1c9c6817","{3}{W}{U}{B}{R}{G}","Sorcery","BGRUW","normal","deferred","spell-needs-explicit-semantics",""
"Megatron, Tyrant // Megatron, Destructive Force","33e88072-3840-4090-8d0b-7fb38279e150","","Legendary Artifact Creature — Robot // Legendary Artifact — Vehicle","BRW","transform","deferred","double-faced-card-needs-complete-front-semantics",""
"Melee","93fc1ff8-6ef0-42a2-b090-ba95b6f3c98e","{4}{R}","Instant","R","normal","deferred","spell-needs-explicit-semantics",""
"Melira, the Living Cure","6bb8c22c-8b01-45f8-8c9e-f683e6b4f022","{G}{W}","Legendary Creature — Human Scout","GW","normal","deferred","oracle-needs-explicit-semantics",""
"Memory Vampire","6031d854-10a8-43da-b5c4-b561194bcd4e","{4}{U}{B}","Creature — Vampire Detective","BU","normal","deferred","oracle-needs-explicit-semantics",""
"Menacing Ogre","8efcd591-c576-4d25-9670-578c5e3263a1","{3}{R}{R}","Creature — Ogre","R","normal","deferred","oracle-needs-explicit-semantics",""
"Mercenaries","9d96671c-7a98-48ec-b479-bc451e18264d","{3}{W}","Creature — Human Mercenary","W","normal","deferred","oracle-needs-explicit-semantics",""
"Merieke Ri Berit","288fdfbb-1236-4732-afd7-e7eaba860007","{W}{U}{B}","Legendary Creature — Human","BUW","normal","deferred","oracle-needs-explicit-semantics",""
"Merry-Go-Round","fab271da-bc9b-44fa-b3db-fb2dfd2724b0","","Artifact — Attraction","","normal","deferred","noncreature-needs-explicit-semantics",""
"Messenger Jays","dfeb1d36-d1d9-43dd-a79f-a98560676bb3","{4}{U}","Creature — Bird","U","normal","deferred","oracle-needs-explicit-semantics",""
"Metamorphic Alteration","2518a4f2-607f-41bb-9389-2009138d6b09","{1}{U}","Enchantment — Aura","U","normal","deferred","noncreature-needs-explicit-semantics",""
"Michelangelo's Technique","42f12942-9ac1-497e-a8b7-9f66a5afd0ae","{4}{G}","Sorcery","G","normal","deferred","spell-needs-explicit-semantics",""
"Midnight Scavengers","1c29ae09-cc93-4a2a-b432-3c78ae01c1ed","{4}{B}","Creature — Human Rogue","B","meld","deferred","complex-layout",""
"Mikey & Don, Party Planners","529178e8-425e-4d59-948c-ca7d0663f6ff","{2}{G/U}{G/U}","Legendary Creature — Mutant Ninja Turtle","GU","normal","deferred","oracle-needs-explicit-semantics",""
"Mikey & Mona, Mutant Sitters","15e14a91-a596-465f-becc-cef2e7fbbd30","{2}{G}","Legendary Creature — Mutant Ninja Turtle Lizard","G","normal","deferred","oracle-needs-explicit-semantics",""
"Mimeoplasm, Revered One","2b8c2882-dbca-466a-a0af-dd1d65edfe7c","{X}{B}{G}{U}","Legendary Creature — Ooze","BGU","normal","deferred","oracle-needs-explicit-semantics",""
"Mind Bend","d8377869-f8f7-4b4b-93ad-3ad3c4826b1a","{U}","Instant","U","normal","deferred","spell-needs-explicit-semantics",""
"Mindbender Spores","0e3b7ec1-3760-4ac4-81ef-1ab389392f1b","{2}{G}","Creature — Fungus Wall","G","normal","deferred","oracle-needs-explicit-semantics",""
"Minotaur de Force","67151297-3d25-4882-b562-56025ee81f48","{1}{R}","Creature — Minotaur Performer","R","normal","deferred","oracle-needs-explicit-semantics",""
"Minthara, Merciless Soul","fad0c174-4c4a-4662-bd1f-224886e826e1","{2}{W}{B}","Legendary Creature — Elf Cleric","BW","normal","deferred","oracle-needs-explicit-semantics",""
"Mirage Phalanx","d18dfca7-2947-4308-a9ef-501e1b4843f4","{4}{R}{R}","Creature — Human Soldier","R","normal","deferred","oracle-needs-explicit-semantics",""
"Mirror-Mad Phantasm","fd26127d-6807-41e3-9dcf-20ef257d71d3","{3}{U}{U}","Creature — Spirit","U","normal","deferred","oracle-needs-explicit-semantics",""
"Mirror-Shield Hoplite","23f01235-b5a5-4b2e-a90b-b49fc0c7b18d","{R}{W}","Creature — Human Soldier","RW","normal","deferred","oracle-needs-explicit-semantics",""
"Mishra's War Machine","18b1f96f-de35-4f0a-8b0e-81576471fd15","{7}","Artifact Creature — Juggernaut","","normal","deferred","oracle-needs-explicit-semantics",""
"Mishra, Artificer Prodigy","b38adaac-3714-4348-9fec-cb2e2ad518b1","{1}{U}{B}{R}","Legendary Creature — Human Artificer","BRU","normal","deferred","oracle-needs-explicit-semantics",""
"Mishra, Claimed by Gix","26a623a1-60c9-47e3-af96-616e29551865","{2}{B}{R}","Legendary Creature — Phyrexian Human Artificer","BR","meld","deferred","complex-layout",""
"Mishra, Lost to Phyrexia","3989308a-4c0f-493a-b38f-cb4f5019dfe7","","Legendary Artifact Creature — Phyrexian Artificer","BR","meld","deferred","complex-layout",""
"Mistcaller","808d5a67-8c38-42f5-9413-8771d8b4ae38","{U}","Creature — Merfolk Wizard","U","normal","deferred","oracle-needs-explicit-semantics",""
"Misunderstood Trapeze Elf","658252ed-7f52-4a31-834b-c39cee1d5e00","","Stickers","","normal","deferred","noncreature-needs-explicit-semantics",""
"Mizzium Meddler","48a909b6-e6ee-4148-8b50-b35f11bc065f","{2}{U}","Creature — Vedalken Wizard","U","normal","deferred","oracle-needs-explicit-semantics",""
"Mizzix, Replica Rider","24a7e1d2-0bc9-40a9-a606-f0017bde3dab","{4}{R}","Legendary Creature — Goblin Wizard","RU","normal","deferred","oracle-needs-explicit-semantics",""
"Molten Exhale","82aa1402-4b1c-4343-aba5-dd3271cc1ac5","{1}{R}","Sorcery","R","normal","deferred","spell-needs-explicit-semantics",""
"Monitor Monitor","f59fe075-f507-4a2c-a65c-725ff3084bd0","{2}{U}{U}","Creature — Human Employee","U","normal","deferred","oracle-needs-explicit-semantics",""
"Mossbridge Troll","87aa466e-7985-40ff-bef6-dcae35fe0106","{5}{G}{G}","Creature — Troll","G","normal","deferred","oracle-needs-explicit-semantics",""
"Motion Sickness","d0bb7a44-f93b-4acb-b69f-81efe0a3ae2d","{3}{U}","Enchantment — Aura","U","normal","deferred","noncreature-needs-explicit-semantics",""
"Mountain Stronghold","af147bb6-aa46-4fc9-af96-de3740c19fd5","","Land","","normal","deferred","land-needs-explicit-semantics",""
"Murktide Regent","7f993ac7-c2cd-413c-a106-2c051a77ebf6","{5}{U}{U}","Creature — Dragon","U","normal","deferred","oracle-needs-explicit-semantics",""
"Mycosynth Lattice","ae1f2ab5-c6a5-4d49-a746-3cb4668bf805","{6}","Artifact","","normal","deferred","noncreature-needs-explicit-semantics",""
"Myr Superion","43dac6fa-4cdf-49ec-9e11-2e5e8f9f928b","{2}","Artifact Creature — Myr","","normal","deferred","oracle-needs-explicit-semantics",""
"Myra the Magnificent","4f0c3154-1917-4bb5-9ba2-446943a88808","{2}{U}{R}","Legendary Creature — Human Performer","RU","normal","deferred","oracle-needs-explicit-semantics",""
"Mystic Doom Sandwich","c490157a-cff5-417b-8f83-15f84398e34f","","Stickers","","normal","deferred","noncreature-needs-explicit-semantics",""
"Mystic Reflection","491dc110-b459-412e-8a0b-45e5744ee8d1","{1}{U}","Instant","U","normal","deferred","spell-needs-explicit-semantics",""
"Mythos of Illuna","42b10f0f-19cd-45d2-a2db-d5463ddc5e5b","{2}{U}{U}","Sorcery","GRU","normal","deferred","spell-needs-explicit-semantics",""
"Nafs Asp","da7bc9d6-a0cc-407a-bed9-d677c2dd74f2","{G}","Creature — Snake","G","normal","deferred","oracle-needs-explicit-semantics",""
"Nahiri's Sacrifice","a84cc828-8d1b-4e61-a13f-60124e2ee35f","{1}{R}","Sorcery","R","normal","deferred","spell-needs-explicit-semantics",""
"Nahiri, Forged in Fury","87966759-206a-4a2d-bf78-86f727c29972","{4}{R}{W}","Legendary Creature — Kor Artificer","RW","normal","deferred","oracle-needs-explicit-semantics",""
"Najeela, the Blade-Blossom","09619943-6aec-4080-ace5-a0c6ebb23f1c","{2}{R}","Legendary Creature — Human Warrior","BGRUW","normal","deferred","oracle-needs-explicit-semantics",""
"Nalathni Dragon","0887dc95-3e75-4f72-bf05-4067d3785376","{2}{R}{R}","Creature — Dragon","R","normal","deferred","oracle-needs-explicit-semantics",""
"Narrow-Minded Baloney Fireworks","366e0a62-ff95-48d1-bc63-7995a393bc34","","Stickers","","normal","deferred","noncreature-needs-explicit-semantics",""
"Nathan Drake, Treasure Hunter","ed69b907-272c-4a87-a943-06aaad976fb1","{U}{B}{R}","Legendary Creature — Human Rogue","BRU","normal","deferred","oracle-needs-explicit-semantics",""
"Necrotic Plague","9d637892-26d7-46f1-bd7d-89bda523f649","{2}{B}{B}","Enchantment — Aura","B","normal","deferred","noncreature-needs-explicit-semantics",""
"Neera, Wild Mage","88fb1dd1-60fb-4f51-ac4d-30b43156a474","{4}{U}{R}","Legendary Creature — Human Elf Shaman","RU","normal","deferred","oracle-needs-explicit-semantics",""
"Nefarious Lich","d79e8ec4-b44b-4598-991c-7781dab55868","{B}{B}{B}{B}","Enchantment","B","normal","deferred","noncreature-needs-explicit-semantics",""
"Nemata, Primeval Warden","f72558f5-ac5c-4efa-b01b-439bc0bbf18d","{2}{B}{G}","Legendary Creature — Treefolk","BG","normal","deferred","oracle-needs-explicit-semantics",""
"Nethergoyf","040cbd8a-a9e5-454b-a5ae-9b66bb66b8e9","{B}","Creature — Lhurgoyf","B","normal","deferred","oracle-needs-explicit-semantics",""
"Nettling Imp","c58dfcbf-49e6-4ef0-bd31-ebd81b0cfa41","{2}{B}","Creature — Imp","B","normal","deferred","oracle-needs-explicit-semantics",""
"Neyith of the Dire Hunt","aba04455-c13f-48f7-9674-56803b39a42b","{2}{G}{G}","Legendary Creature — Human Warrior","GR","normal","deferred","oracle-needs-explicit-semantics",""
"Nick Fury, Agent of S.H.I.E.L.D.","62916107-14c0-4516-9fed-a032b1a80e5d","{W}","Legendary Creature — Human Spy Hero","BGRUW","normal","deferred","oracle-needs-explicit-semantics",""
"Night Brushwagg Ringmaster","1436370f-baf0-4659-804e-90aad871b05b","","Stickers","","normal","deferred","noncreature-needs-explicit-semantics",""
"Night Shift of the Living Dead","d758fd82-7ccb-441d-a948-0abaf0311892","{3}{B}","Enchantment","B","normal","deferred","noncreature-needs-explicit-semantics",""
"Niko, Light of Hope","f153e369-1d5b-4d8b-a2f6-d93b849cabb5","{2}{W}{U}","Legendary Creature — Human Wizard","UW","normal","deferred","oracle-needs-explicit-semantics",""
"Nine-Fingers Keene","e06007cf-dc6e-4b50-93d5-9a7c8ee9c023","{1}{B}{G}{U}","Legendary Creature — Human Rogue","BGU","normal","deferred","oracle-needs-explicit-semantics",""
"Ninja Teen","2c5044ff-a303-4276-8e23-7caac30a275b","{2}{B}","Enchantment — Class","B","class","deferred","class-level-needs-complete-semantics-v21",""
"Nita, Forum Conciliator","f589e5ee-399c-4613-b7a2-9ab2866cc830","{1}{W}{B}","Legendary Creature — Human Advisor","BW","normal","deferred","oracle-needs-explicit-semantics",""
"Niv-Mizzet, Guildpact","46570366-5e58-40b7-b725-833321a3b7b1","{W}{U}{B}{R}{G}","Legendary Creature — Dragon Avatar","BGRUW","normal","deferred","oracle-needs-explicit-semantics",""
"Noble Banneret","96d88811-d0d8-4c64-b7f2-8304d81c8cfa","{2}{W}{W}","Creature — Human Knight","W","normal","deferred","oracle-needs-explicit-semantics",""
"Noble Elephant","99dd6f15-855f-431f-a3c8-31f1421af88f","{3}{W}","Creature — Elephant","W","normal","deferred","oracle-needs-explicit-semantics",""
"Noble Heritage","2e342aa3-2590-4b59-852a-9adb31bafe5c","{1}{W}","Legendary Enchantment — Background","W","normal","deferred","noncreature-needs-explicit-semantics",""
"Noctis, Heir Apparent","7abe351e-0889-4fc1-91ae-8372bcd28acb","{W}{U}{B}","Legendary Creature — Human Noble","BUW","normal","deferred","oracle-needs-explicit-semantics",""
"Norman Osborn // Green Goblin","aa5b06a4-90c3-45e7-ab83-cb5c96ded21d","","Legendary Creature — Human Scientist Villain // Legendary Creature — Goblin Human Villain","BRU","modal_dfc","deferred","double-faced-card-needs-complete-back-semantics",""
"Norritt","4318c704-888f-4d85-b5f7-6d9abb14e60c","{3}{B}","Creature — Imp","B","normal","deferred","oracle-needs-explicit-semantics",""
"North Wind Avatar","b408c345-b308-4920-8494-4f204d856aa3","{2}{U}{U}{R}","Creature — Dragon Spirit Avatar","RU","normal","deferred","oracle-needs-explicit-semantics",""
"Notorious Sliver War","06f8efdd-4e8e-4524-859b-71f2f1732ad5","","Stickers","","normal","deferred","noncreature-needs-explicit-semantics",""
"Ob Nixilis, Captive Kingpin","55b6434b-1542-40fd-b12a-697d40976582","{2}{B}{R}","Legendary Creature — Demon","BR","normal","deferred","oracle-needs-explicit-semantics",""
"Ob Nixilis, the Adversary","a6abb6af-7ea2-43f3-8718-2a077ad0c947","{1}{B}{R}","Legendary Planeswalker — Nixilis","BR","normal","deferred","noncreature-needs-explicit-semantics",""
"Obeka, Brute Chronologist","21b76a94-d9f3-4c34-ab24-7e89321b04f0","{1}{U}{B}{R}","Legendary Creature — Ogre Wizard","BRU","normal","deferred","oracle-needs-explicit-semantics",""
"Obeka, Splitter of Seconds","1d15a06f-5471-48f2-8c4a-9b0886bef5af","{1}{U}{B}{R}","Legendary Creature — Ogre Warlock","BRU","normal","deferred","oracle-needs-explicit-semantics",""
"Oblivious Bookworm","300fd0a2-23e6-4da9-bfaa-ad626097d5b5","{G}{U}","Creature — Human Wizard","GU","normal","deferred","oracle-needs-explicit-semantics",""
"Obosh, the Preypiercer","6985c8a9-9299-461b-8bef-bd2b2c739c11","{3}{B/R}{B/R}","Legendary Creature — Hellion Horror","BR","normal","deferred","oracle-needs-explicit-semantics",""
"Obsidian Charmaw","c995bc01-f278-4088-9ae2-1b50f87b2a61","{3}{R}{R}","Creature — Dragon","R","normal","deferred","oracle-needs-explicit-semantics",""
"Obsidian Fireheart","c3b3e070-28f6-4852-816e-caffe358b6fe","{1}{R}{R}{R}","Creature — Elemental","R","normal","deferred","oracle-needs-explicit-semantics",""
"Ochre Jelly","2b757d32-09a3-49cd-ada4-84b5335178ce","{X}{G}","Creature — Ooze","G","normal","deferred","oracle-needs-explicit-semantics",""
"Ogre Battlecaster","00ba0c24-a671-493e-ba46-13e45d1818f1","{2}{R}","Creature — Ogre Shaman","R","normal","deferred","oracle-needs-explicit-semantics",""
"Ogre Enforcer","86cc83d8-4a70-4b97-aa4d-160afd4cd6cb","{3}{R}{R}","Creature — Ogre","R","normal","deferred","oracle-needs-explicit-semantics",""
"Ogre Geargrabber","a483b1fd-751a-447e-8e4f-a54b1c194d2c","{4}{R}{R}","Creature — Ogre Warrior","R","normal","deferred","oracle-needs-explicit-semantics",""
"Ojer Axonil, Deepest Might // Temple of Power","d3b7b541-6f05-46c1-8031-c848c4bd4635","","Legendary Creature — God // Land","R","transform","deferred","double-faced-card-needs-complete-front-semantics",""
"Oko, Lorwyn Liege // Oko, Shadowmoor Scion","a0c956dc-d7de-4f11-b76f-7537fbee1731","","Legendary Planeswalker — Oko // Legendary Planeswalker — Oko","GU","transform","deferred","double-faced-card-needs-complete-front-semantics",""
"Old-Growth Troll","11e3f1d3-9d78-4c00-b965-e14407fd5210","{G}{G}{G}","Creature — Troll Warrior","G","normal","deferred","oracle-needs-explicit-semantics",""
"Olivia, Crimson Bride","8922a91e-3d15-4351-8d77-e0d6bc4de82e","{4}{B}{R}","Legendary Creature — Vampire Noble","BR","normal","deferred","oracle-needs-explicit-semantics",""
"Omega, Heartless Evolution","3173ca98-d46a-4de3-a95e-3eaad28d4017","{5}{G}{U}","Legendary Artifact Creature — Robot","GU","normal","deferred","oracle-needs-explicit-semantics",""
"Omnath, Locus of All","26445dc7-8363-4205-aee8-1cafeb4ba4c0","{W}{U}{B/P}{R}{G}","Legendary Creature — Phyrexian Elemental","BGRUW","normal","deferred","oracle-needs-explicit-semantics",""
"Omnivorous Flytrap","0aa2ab46-c5ad-462b-b441-dbbc4b2c3532","{2}{G}","Creature — Plant","G","normal","deferred","oracle-needs-explicit-semantics",""
"Opposition Agent","1f438b8f-fe23-4f3b-ab2e-f6c33676c462","{2}{B}","Creature — Human Rogue","B","normal","deferred","oracle-needs-explicit-semantics",""
"Optimus Prime, Hero // Optimus Prime, Autobot Leader","199c4a1a-2082-417c-a174-f479d7334d15","","Legendary Artifact Creature — Robot // Legendary Artifact — Vehicle","RUW","transform","deferred","double-faced-card-needs-complete-back-semantics",""
"Oracle en-Vec","367faa8c-617a-41a0-901c-f65106e86d56","{1}{W}","Creature — Human Wizard","W","normal","deferred","oracle-needs-explicit-semantics",""
"Oracle of Dust","6e5f50b2-0acc-42be-b9fd-32ea390c07fc","{4}{U}","Creature — Eldrazi Processor","U","normal","deferred","oracle-needs-explicit-semantics",""
"Orchard Elemental","189b7c2b-81df-41c3-94ae-6b32dbd48cec","{5}{G}","Creature — Elemental","G","normal","deferred","oracle-needs-explicit-semantics",""
"Orcus, Prince of Undeath","9d02b5e1-bd29-45ad-b11d-f2cd21c48979","{X}{2}{B}{R}","Legendary Creature — Demon","BR","normal","deferred","oracle-needs-explicit-semantics",""
"Ormos, Archive Keeper","06d60b71-a9f9-4a7f-ad69-15d760b6e5c3","{4}{U}{U}","Legendary Creature — Sphinx","U","normal","deferred","oracle-needs-explicit-semantics",""
"Orzhov Pontiff","3620ef25-d9e2-4460-b25f-592ff7df681b","{1}{W}{B}","Creature — Human Cleric","BW","normal","deferred","oracle-needs-explicit-semantics",""
"Osseous Sticktwister","33c3a81a-6cea-48c9-b966-67084d96e74f","{1}{B}","Artifact Creature — Scarecrow","B","normal","deferred","oracle-needs-explicit-semantics",""
"Osteomancer Adept","791cbb7c-7935-4902-b050-9ea9d030e9fa","{1}{B}","Creature — Squirrel Warlock","B","normal","deferred","oracle-needs-explicit-semantics",""
"Ovinomancer","98026d30-a29f-4590-968f-b1b36926a275","{2}{U}","Creature — Human Wizard","U","normal","deferred","oracle-needs-explicit-semantics",""
"Ozai, the Phoenix King","7472af8e-2e93-43b2-bc32-a3741f6d7502","{2}{B}{B}{R}{R}","Legendary Creature — Human Noble","BR","normal","deferred","oracle-needs-explicit-semantics",""
"Painter's Servant","baf93873-35e6-4bf2-bdcc-78a5206422fb","{2}","Artifact Creature — Scarecrow","","normal","deferred","oracle-needs-explicit-semantics",""
"Pale Moon","78e3a3c3-3091-46ab-a47a-86b7db68ced4","{1}{U}","Instant","U","normal","deferred","spell-needs-explicit-semantics",""
"Paleontologist's Pick-Axe // Dinosaur Headdress","9b0c6b77-69df-4330-86a7-8dc4666abd38","","Artifact — Equipment // Artifact — Equipment","","transform","deferred","double-faced-card-needs-complete-back-semantics",""
"Paliano Vanguard","6dd3be81-b6dc-42ee-9e0a-2e39e3f4e793","{1}{W}","Creature — Human Soldier","W","normal","deferred","oracle-needs-explicit-semantics",""
"Paliano, the High City","cf682012-de36-4ab4-ad94-c3c0fd7bce3f","","Legendary Land","","normal","deferred","land-needs-explicit-semantics",""
"Panglacial Wurm","49d4aef7-d2d1-4f66-bc2a-79ec8cc96565","{5}{G}{G}","Creature — Wurm","G","normal","deferred","oracle-needs-explicit-semantics",""
"Pardic Dragon","a4fa2afe-52fc-4ad0-a694-693cb9c88096","{4}{R}{R}","Creature — Dragon","R","normal","deferred","oracle-needs-explicit-semantics",""
"Pardic Firecat","c6498ec5-fbbc-472a-9b40-5481e49efe79","{3}{R}","Creature — Elemental Cat","R","normal","deferred","oracle-needs-explicit-semantics",""
"Park Bleater","02f31e00-646d-4971-8704-1583bbfcddd6","{2}{W}","Creature — Goat Employee","W","normal","deferred","oracle-needs-explicit-semantics",""
"Path of Mettle // Metzali, Tower of Triumph","db9ea3f9-c723-422f-98cc-a3ef7ca2c290","","Legendary Enchantment // Legendary Land","RW","transform","deferred","double-faced-card-needs-complete-front-semantics",""
"Patron of the Akki","38dd86a2-652c-42b7-9b21-2fad059cc706","{4}{R}{R}","Legendary Creature — Spirit","R","normal","deferred","oracle-needs-explicit-semantics",""
"Patron of the Kitsune","e75356a8-6268-4355-a0bd-114a5243d527","{4}{W}{W}","Legendary Creature — Spirit","W","normal","deferred","oracle-needs-explicit-semantics",""
"Patron of the Moon","e514546a-ca03-48ba-90e1-7a0e145137f2","{5}{U}{U}","Legendary Creature — Spirit","U","normal","deferred","oracle-needs-explicit-semantics",""
"Patron of the Orochi","e245f2f6-2b5b-41bc-88b3-5b41ca813c5e","{6}{G}{G}","Legendary Creature — Spirit","G","normal","deferred","oracle-needs-explicit-semantics",""
"Peace Talks","b0f87e25-6604-4723-9467-1e4fedc1157a","{1}{W}","Sorcery","W","normal","deferred","spell-needs-explicit-semantics",""
"Perplexing Chimera","7d075b8a-a606-4590-b52b-b4ef3a9e342f","{4}{U}","Enchantment Creature — Chimera","U","normal","deferred","oracle-needs-explicit-semantics",""
"Persistent Marshstalker","77eb76cf-a361-44e0-aeee-e8ef4b695799","{1}{B}","Creature — Rat Berserker","B","normal","deferred","oracle-needs-explicit-semantics",""
"Peter Parker // Amazing Spider-Man","f1b7488c-c675-42e9-818a-24a50347ec2c","","Legendary Creature — Human Scientist Hero // Legendary Creature — Spider Human Hero","GUW","modal_dfc","deferred","double-faced-card-needs-complete-back-semantics",""
"Petting Zookeeper","ad6dd363-e1b7-4df4-b9b6-4f5c1fae3bc6","{2}{G}","Creature — Elf Employee","G","normal","deferred","oracle-needs-explicit-semantics",""
"Phelia, Exuberant Shepherd","5d86a59a-ba1f-45f7-b829-dca6f9f3e624","{1}{W}","Legendary Creature — Dog","W","normal","deferred","oracle-needs-explicit-semantics",""
"Phyrexian Dragon Engine","022b42a6-ee0f-4080-b973-c1b68938c3be","{3}","Artifact Creature — Phyrexian Dragon","R","meld","deferred","complex-layout",""
"Phyrexian Midway Bamboozle","dde09abb-e3d3-4c76-b7e8-812949dd67f3","","Stickers","","normal","deferred","noncreature-needs-explicit-semantics",""
"Phyrexian Vindicator","9b5cfbb7-21ed-491d-b77d-547e4d30a7da","{W}{W}{W}{W}","Creature — Phyrexian Horror","W","normal","deferred","oracle-needs-explicit-semantics",""
"Pick-a-Beeble","43ce339e-c595-4215-bdb3-d93d0808417e","","Artifact — Attraction","","normal","deferred","noncreature-needs-explicit-semantics",""
"Pikemen","5556a897-8947-4b78-81ce-a829508a4f11","{1}{W}","Creature — Human Soldier","W","normal","deferred","oracle-needs-explicit-semantics",""
"Pin Collection","69fedfbb-5d88-4fe0-81e1-1e97a56c6aca","{X}{W}","Artifact — Equipment","W","normal","deferred","noncreature-needs-explicit-semantics",""
"Pir, Imaginative Rascal","7683c2b2-a06f-4691-9cc5-1968dc032885","{2}{G}","Legendary Creature — Human","G","normal","deferred","oracle-needs-explicit-semantics",""
"Piracy","131acf69-fa5c-4ce7-9e39-2677af4f8907","{U}{U}","Sorcery","U","normal","deferred","spell-needs-explicit-semantics",""
"Plague Reaver","eef50ef8-958b-4f5c-b261-16926d9fe672","{2}{B}","Creature — Beast","B","normal","deferred","oracle-needs-explicit-semantics",""
"Playable Delusionary Hydra","065cdf8d-6874-4ab6-a08e-79bd88b245bd","","Stickers","","normal","deferred","noncreature-needs-explicit-semantics",""
"Polukranos, World Eater","ecbf5560-853a-43a9-bf70-ac8d403b0ce8","{2}{G}{G}","Legendary Creature — Hydra","G","normal","deferred","oracle-needs-explicit-semantics",""
"Portal Manipulator","0dd3127e-de13-4785-b5f2-0af996e9f15f","{2}{W/U}{W/U}","Creature — Human Wizard","UW","normal","deferred","oracle-needs-explicit-semantics",""
"Portent Tracker","ca49d6ad-97b1-4fd4-b1cf-fecd9cafee6d","{1}{G}","Creature — Satyr Scout","G","normal","deferred","oracle-needs-explicit-semantics",""
"Prairie Dog","70987216-f84d-43b9-8d75-bb21ff37747b","{1}{W}","Creature — Squirrel","W","normal","deferred","oracle-needs-explicit-semantics",""
"Precursor Golem","668fc293-1b8f-4870-9784-4ac660925e30","{5}","Artifact Creature — Golem","","normal","deferred","oracle-needs-explicit-semantics",""
"Premature Burial","78d47e49-42bf-404d-b47b-3fbea765ca9a","{1}{B}","Sorcery","B","normal","deferred","spell-needs-explicit-semantics",""
"Primal Elder Kitty","a7a00246-54e7-4213-b95b-907ab9015e53","","Stickers","","normal","deferred","noncreature-needs-explicit-semantics",""
"Primal Prayers","8d087fe0-d554-4d7c-ba22-32db2cf71887","{2}{G}{G}","Enchantment","G","normal","deferred","noncreature-needs-explicit-semantics",""
"Prince of Thralls","e7f3b4bb-ebf5-4e59-8f0b-aa26f78e9edc","{4}{U}{B}{B}{R}","Creature — Demon","BRU","normal","deferred","oracle-needs-explicit-semantics",""
"Princess Yue","08c59e5e-d01c-49b7-a812-8ea75e9e945d","{2}{U}","Legendary Creature — Human Noble Ally","U","normal","deferred","oracle-needs-explicit-semantics",""
"Priority Boarding","68a9565e-0000-49c9-8036-bc242d6d465e","{2}{R}","Enchantment","R","normal","deferred","noncreature-needs-explicit-semantics",""
"Prize Wall","41b05346-8531-4086-96a5-e973aff150cb","{1}{U}","Creature — Wall","U","normal","deferred","oracle-needs-explicit-semantics",""
"Processor Assault","e773258a-e59b-4e5f-b4e1-4f95cb11a39f","{1}{R}","Sorcery","R","normal","deferred","spell-needs-explicit-semantics",""
"Proficient Pyrodancer","ddd3f530-1ea4-4b1e-9f9b-5d34fa626529","{2}{R}","Creature — Human Performer","R","normal","deferred","oracle-needs-explicit-semantics",""
"Prophetic Titan","224f5f1a-4f31-4935-bf5a-910fd0a666a1","{4}{U}{R}","Creature — Giant Wizard","RU","normal","deferred","oracle-needs-explicit-semantics",""
"Protean Hulk","10180e2f-90c5-4d41-ba44-16b14948f923","{5}{G}{G}","Creature — Beast","G","normal","deferred","oracle-needs-explicit-semantics",""
"Proud Wildbonder","e72f995e-288f-4d32-b067-ae73eea87e67","{2}{R/G}{R/G}","Creature — Human Warrior","GR","normal","deferred","oracle-needs-explicit-semantics",""
"Prowl, Stoic Strategist // Prowl, Pursuit Vehicle","8dfd9baf-c3cc-4d2f-a0b0-b323b6480562","","Legendary Artifact Creature — Robot // Legendary Artifact — Vehicle","W","transform","deferred","double-faced-card-needs-complete-front-semantics",""
"Psychic Battle","79f0d763-5a71-470a-867f-86fc72e9db6d","{3}{U}{U}","Enchantment","U","normal","deferred","noncreature-needs-explicit-semantics",""
"Psychic Rebuttal","08dd393f-12d8-4801-882c-6d76009b4f12","{1}{U}","Instant","U","normal","deferred","spell-needs-explicit-semantics",""
"Public Enemy","c5f360dc-fe4e-4796-b5c1-468cbd0f6d24","{2}{U}","Enchantment — Aura","U","normal","deferred","noncreature-needs-explicit-semantics",""
"Pulmonic Sliver","f578465d-f3a5-48da-bcab-cffbbdd88be8","{3}{W}{W}","Creature — Sliver","W","normal","deferred","oracle-needs-explicit-semantics",""
"Pure Intentions","77ef82e6-16e3-44fa-9542-252060fa6c96","{W}","Instant — Arcane","W","normal","deferred","spell-zone-trigger-needs-complete-spell-body-v20",""
"Pygmy Hippo","0d39513a-1f05-4d9a-a772-745f4f1a3471","{G}{U}","Creature — Hippo","GU","normal","deferred","oracle-needs-explicit-semantics",""
"Pyramids","da2f0d16-3cb4-492d-8535-52a31dbae95e","{6}","Artifact","","normal","deferred","noncreature-needs-explicit-semantics",""
"Pyretic Hunter","6ea507d3-2b8d-4f08-824c-0de0ae214da5","{4}{R}","Creature — Elemental Cat","R","normal","deferred","oracle-needs-explicit-semantics",""
"Qarsi Deceiver","e12681cc-c66e-4dac-882c-bd8638a2e12c","{1}{U}","Creature — Snake Wizard","U","normal","deferred","oracle-needs-explicit-semantics",""
"Qasali Ambusher","cbd106fb-c9c5-4c5e-8801-619b7c8ff5a6","{1}{G}{W}","Creature — Cat Warrior","GW","normal","deferred","oracle-needs-explicit-semantics",""
"Quakebringer","bbe41a21-f8ad-4e5c-88d8-2a41dfd32d13","{3}{R}{R}","Creature — Giant Berserker","R","normal","deferred","oracle-needs-explicit-semantics",""
"Quarum Trench Gnomes","ce5e52c9-4cb1-42aa-8403-bcd143d68704","{3}{R}","Creature — Gnome","R","normal","deferred","oracle-needs-explicit-semantics",""
"Queen Kayla bin-Kroog","10c2428f-6e4a-4b92-9087-720242a5c25c","{1}{R}{W}","Legendary Creature — Human Noble","RW","normal","deferred","oracle-needs-explicit-semantics",""
"Quenchable Fire","d2eeb1eb-38c0-4b76-ad96-a53b6bdc00e1","{3}{R}","Sorcery","RU","normal","deferred","unbound-target-damage-source",""
"Quick Fixer","a4f50771-4a10-4d5d-a7c4-0e24c873a0ae","{2}{B}","Creature — Azra Employee","B","normal","deferred","oracle-needs-explicit-semantics",""
"Quilled Greatwurm","01635d21-aeda-4754-9d94-68fcd0cd6556","{4}{G}{G}","Creature — Wurm","G","normal","deferred","oracle-needs-explicit-semantics",""
"Rad Rascal","66d4a218-5404-4389-b495-eaeda9a34401","{3}{R}","Creature — Devil Employee","R","normal","deferred","oracle-needs-explicit-semantics",""
"Radagast the Brown","dfa47d0d-17f0-4a12-89d3-0d3c7f3db8c6","{2}{G}{G}","Legendary Creature — Avatar Wizard","G","normal","deferred","oracle-needs-explicit-semantics",""
"Radiate","2e5163bd-9b8a-4d1e-9ba9-8666c7348dfd","{3}{R}{R}","Instant","R","normal","deferred","spell-needs-explicit-semantics",""
"Raggadragga, Goreguts Boss","a7641ee0-9c0d-4201-9827-a775ed03797c","{2}{R}{G}","Legendary Creature — Human Boar","GR","normal","deferred","oracle-needs-explicit-semantics",""
"Raging River","a2310312-6e1e-4e34-a351-9aef499a810f","{R}{R}","Enchantment","R","normal","deferred","noncreature-needs-explicit-semantics",""
"Ragnarok, Divine Deliverance","14b839ef-80b1-4e7d-b2fd-38e973899cde","","Legendary Creature — Beast Avatar","BG","meld","deferred","complex-layout",""
"Raiding Party","1d9b8859-14e3-4bbe-ad92-916b25a37b31","{2}{R}","Enchantment","R","normal","deferred","noncreature-needs-explicit-semantics",""
"Rain of Gore","d12b4b66-9453-4494-9547-c737f48277ed","{B}{R}","Enchantment","BR","normal","deferred","noncreature-needs-explicit-semantics",""
"Rakdos, the Muscle","e2c141af-925e-42bd-8d83-e1a71f4c9794","{2}{B}{B}{R}","Legendary Creature — Demon Mercenary","BR","normal","deferred","oracle-needs-explicit-semantics",""
"Ral Zarek, Guest Lecturer","0dc76b7f-6405-44a1-8c55-31fa480ff70b","{1}{B}{B}","Legendary Planeswalker — Ral","B","normal","deferred","noncreature-needs-explicit-semantics",""
"Ral, Monsoon Mage // Ral, Leyline Prodigy","16d40f56-691b-42a7-a5ab-157568921e03","","Legendary Creature — Human Wizard // Legendary Planeswalker — Ral","RU","transform","deferred","double-faced-card-needs-complete-front-semantics",""
"Rambling Possum","4b100e6f-6c19-49d2-b9c4-613d63d42151","{2}{G}","Creature — Possum Mount","G","normal","deferred","oracle-needs-explicit-semantics",""
"Rampaging Raptor","450a07f5-709c-48a6-aaa8-ddbd7da4fd2e","{2}{R}{R}","Creature — Dinosaur","R","normal","deferred","oracle-needs-explicit-semantics",""
"Rangers of Ithilien","4d5fd9f0-ecb3-4b91-ae55-f02336d7cf37","{2}{U}{U}","Creature — Human Ranger","U","normal","deferred","oracle-needs-explicit-semantics",""
"Rankle and Torbran","80d918b2-3a28-49ad-a485-496658bd7ac3","{1}{B}{B}{R}{R}","Legendary Creature — Faerie Dwarf","BR","normal","deferred","oracle-needs-explicit-semantics",""
"Raphael, Most Attitude","eaf194a7-d95f-4738-9052-92ad00443a76","{3}{R}","Legendary Creature — Mutant Ninja Turtle","R","normal","deferred","oracle-needs-explicit-semantics",""
"Rapid Fire","63c7248e-a7a2-4e32-b4d2-55dbc63e51e5","{3}{W}","Instant","W","normal","deferred","spell-needs-explicit-semantics",""
"Rasputin, the Oneiromancer","c16fd2b9-9147-43bc-aa08-6d1bddf1d3e8","{1}{W}{U}","Legendary Creature — Human Wizard","UW","normal","deferred","oracle-needs-explicit-semantics",""
"Ratchet, Field Medic // Ratchet, Rescue Racer","4f95664f-6113-41e6-a99e-12bfc9d1710a","","Legendary Artifact Creature — Robot // Legendary Artifact — Vehicle","W","transform","deferred","double-faced-card-needs-complete-front-semantics",""
"Ratonhnhaké꞉ton","a37f8381-83a4-4b6b-8176-c90f6a61da74","{W}{U}{B}","Legendary Creature — Human Assassin","BUW","normal","deferred","oracle-needs-explicit-semantics",""
"Ravenloft Adventurer","1822f924-51ba-4f81-92cc-6c5d741a33f9","{3}{B}","Creature — Human Rogue Assassin","B","normal","deferred","oracle-needs-explicit-semantics",""
"Ravenous Tyrannosaurus","9cfac390-4638-4654-8b50-65c0f0886b18","{4}{R}{G}","Creature — Dinosaur","GR","normal","deferred","oracle-needs-explicit-semantics",""
"Reap","7fcb8472-1e77-4dcd-b18f-8abf8806da08","{1}{G}","Instant","G","normal","deferred","spell-needs-explicit-semantics",""
"Reclamation","ff942899-a70d-4fca-b125-9712aa635fff","{2}{G}{W}","Enchantment","GW","normal","deferred","noncreature-needs-explicit-semantics",""
"Redirect Lightning","c62b5c22-e058-436f-9575-a01cb2112829","{R}","Instant — Lesson","R","normal","deferred","spell-needs-explicit-semantics",""
"Reed Richards, Smartest Man","51f55021-04e0-49bf-8f1f-de2a578c95fc","{5}{U}","Legendary Creature — Human Scientist Hero","U","normal","deferred","oracle-needs-explicit-semantics",""
"Reenact the Crime","ebb88893-427f-496c-82a8-94d2bafb5e4c","{1}{U}{U}{U}","Instant","U","normal","deferred","spell-needs-explicit-semantics",""
"Reflector Mage","5398362d-c45e-4d56-a622-8be1124730b9","{1}{W}{U}","Creature — Human Wizard","UW","normal","deferred","oracle-needs-explicit-semantics",""
"Regicide","db8e3c05-12d6-41f6-8cc7-e64c863fca58","{B}","Instant","B","normal","deferred","spell-needs-explicit-semantics",""
"Relentless Dead","7404c078-228b-4296-bf1f-62f57bf832d9","{B}{B}","Creature — Zombie","B","normal","deferred","oracle-needs-explicit-semantics",""
"Remove Enchantments","fa879d99-3d2b-4a9a-a17f-d5ac109f8f44","{W}","Instant","W","normal","deferred","spell-needs-explicit-semantics",""
"Reno and Rude","f749a6d6-2c55-439f-bb02-e95fa54c2ef3","{1}{B}","Legendary Creature — Human Assassin","B","normal","deferred","oracle-needs-explicit-semantics",""
"Research // Development","fa38394b-6ac4-460c-ae3a-54d50037715b","{G}{U} // {3}{U}{R}","Instant // Instant","GRU","split","deferred","split-needs-complete-face-semantics",""
"Reservoir Kraken","42e4d4d8-e4e0-4cf8-a6d0-887a17513280","{2}{U}{U}","Creature — Kraken","U","normal","deferred","oracle-needs-explicit-semantics",""
"Restoration Seminar","fd0a27a9-7d7e-4a16-9dd0-0715e6c97b36","{5}{W}{W}","Sorcery — Lesson","W","normal","deferred","spell-needs-explicit-semantics",""
"Retriever Phoenix","279e573d-b7a3-4e62-a708-3ec992d97972","{3}{R}","Creature — Phoenix","R","normal","deferred","oracle-needs-explicit-semantics",""
"Rev, Tithe Extractor","8345eb05-c04e-4c1d-9776-5ab7d91a7842","{3}{B}","Legendary Creature — Human Rogue","B","normal","deferred","oracle-needs-explicit-semantics",""
"Reverent Silence","e670d1c9-5e28-4df8-aad9-d08d19dc74e9","{3}{G}","Sorcery","G","normal","deferred","spell-needs-explicit-semantics",""
"Rewrite History","f91c860e-3feb-4a5a-b7ef-4e7d38d61c75","{2}{U}","Enchantment — Plan","U","normal","deferred","noncreature-needs-explicit-semantics",""
"Rhystic Cave","609fbc2c-514a-4feb-aaad-b9e6dcfd335c","","Land","","normal","deferred","land-needs-explicit-semantics",""
"Ria Ivor, Bane of Bladehold","785f55bb-d47c-470c-94d4-95f69055e35f","{2}{W}{B}","Legendary Creature — Phyrexian Knight","BW","normal","deferred","oracle-needs-explicit-semantics",""
"Ride Guide","8772e5cc-d3f3-4d68-86e7-6c105f39930a","{4}{W}","Creature — Human Employee","W","normal","deferred","oracle-needs-explicit-semantics",""
"Riders of the Mark","c7031047-5109-482f-b2e9-14800b9279bf","{6}{R}","Creature — Human Knight","R","normal","deferred","oracle-needs-explicit-semantics",""
"Riftmarked Knight","a20093c6-b8b4-4051-808f-febd030f7fe4","{1}{W}{W}","Creature — Human Rebel Knight","W","normal","deferred","oracle-needs-explicit-semantics",""
"Riku of Many Paths","1cfe6e3a-f8c9-4105-ad03-0faf1fcc4626","{G}{U}{R}","Legendary Creature — Human Wizard","GRU","normal","deferred","oracle-needs-explicit-semantics",""
"Rinoa, Angel Wing","47b29cf9-8ef3-4b6a-a9a3-3ab822c5dea4","{2}{W}","Legendary Creature — Human Rebel Warlock","W","normal","deferred","oracle-needs-explicit-semantics",""
"Rith, Liberated Primeval","f89de40f-52d3-44b1-8faa-6ddaa32880d0","{2}{R}{G}{W}","Legendary Creature — Dragon","GRW","normal","deferred","oracle-needs-explicit-semantics",""
"Rivaz of the Claw","ecff46b9-fcc9-4895-8b6f-c697fd15d01a","{1}{B}{R}","Legendary Creature — Lizard Warlock","BR","normal","deferred","oracle-needs-explicit-semantics",""
"Robber of the Rich","4df0d381-fc05-4d30-9307-48963aa2ecfd","{1}{R}","Creature — Human Archer Rogue","R","normal","deferred","oracle-needs-explicit-semantics",""
"Robo-Piñata","9ce17fde-71ec-482a-b9f9-78681bc894d8","{2}{W}","Artifact Creature — Clown Robot","W","normal","deferred","oracle-needs-explicit-semantics",""
"Rocco, Street Chef","071f5b4b-6a1e-4dc3-9c08-b79713191811","{R}{G}{W}","Legendary Creature — Elf Druid","GRW","normal","deferred","oracle-needs-explicit-semantics",""
"Rock Jockey","09fff6a3-6a54-4101-a587-55d7113b9639","{2}{R}","Creature — Goblin","R","normal","deferred","oracle-needs-explicit-semantics",""
"Rogue Class","76f0f39a-ce1b-4935-a6b8-5c4e1a27ab24","{U}{B}","Enchantment — Class","BU","class","deferred","class-base-needs-complete-semantics-v21",""
"Rohirrim Chargers","8e638c52-e7b9-445b-adcf-77b58e06c2ba","{2}{R}{W}","Creature — Human Knight","RW","normal","deferred","oracle-needs-explicit-semantics",""
"Roller Coaster","6efcf15a-2204-486f-9cff-7311054dcee0","","Artifact — Attraction","","normal","deferred","noncreature-needs-explicit-semantics",""
"Rootpath Purifier","442d06e6-8cf6-4980-b2bf-73cfb4d3a468","{3}{G}","Creature — Elf Druid","G","normal","deferred","oracle-needs-explicit-semantics",""
"Rootwater Matriarch","1d260526-db57-486d-b0bc-d523139a0148","{2}{U}{U}","Creature — Merfolk","U","normal","deferred","oracle-needs-explicit-semantics",""
"Rootweaver Druid","6c2e6447-c32b-4b92-a3e6-4d770e3dd250","{2}{G}","Creature — Elf Druid","G","normal","deferred","oracle-needs-explicit-semantics",""
"Roshan, Hidden Magister","f60b21c1-d192-4a02-9b1f-a08e9e08a84a","{3}{B}","Legendary Creature — Human Assassin","B","normal","deferred","oracle-needs-explicit-semantics",""
"Rosheen, Roaring Prophet","3108a4fe-b18a-4d02-9545-b19812454362","{2}{R}{G}","Legendary Creature — Giant Shaman","GR","normal","deferred","oracle-needs-explicit-semantics",""
"Rotisserie Elemental","e33c1744-843f-438f-a8c3-2d9f60120776","{R}","Creature — Elemental","R","normal","deferred","oracle-needs-explicit-semantics",""
"Rottenmouth Viper","2c75623c-59f4-4449-ab43-9d1225185ad9","{5}{B}","Creature — Elemental Snake","B","normal","deferred","oracle-needs-explicit-semantics",""
"Roving Actuator","78ac1e6c-2704-4844-9e87-642324c23997","{3}{R}","Artifact Creature — Robot","R","normal","deferred","oracle-needs-explicit-semantics",""
"Roxanne, Starfall Savant","11765eaf-87a1-48bd-90c1-7a5f21be5918","{3}{R}{G}","Legendary Creature — Cat Druid","GR","normal","deferred","oracle-needs-explicit-semantics",""
"Roxi, Publicist to the Stars","5e24a352-7c90-458b-9bb2-bd4bc22bc748","{2}{U}{R}","Legendary Creature — Human Employee","RU","normal","deferred","dynamic-power-toughness",""
"Ruinous Waterbending","7d3a0216-871b-4c1b-adb1-de99b832f577","{1}{B}{B}","Sorcery — Lesson","B","normal","deferred","spell-needs-explicit-semantics",""
"Runo Stromkirk // Krothuss, Lord of the Deep","70d7d1a7-9d39-44ec-a4ea-a70ffa453d23","","Legendary Creature — Vampire Cleric // Legendary Creature — Kraken Horror","BU","transform","deferred","double-faced-card-needs-complete-front-semantics",""
"Ruthless Technomancer","4e58ad76-37c7-4531-b207-6890b39a2679","{3}{B}","Creature — Human Wizard","B","normal","deferred","oracle-needs-explicit-semantics",""
"Rysorian Badger","cf9fc317-3184-4999-84ef-945a8842096e","{2}{G}","Creature — Badger","G","normal","deferred","oracle-needs-explicit-semantics",""
"Sabertooth Cobra","115c7ca7-c27b-43ca-9281-be6913e90059","{2}{G}","Creature — Snake","G","normal","deferred","oracle-needs-explicit-semantics",""
"Sacred Ground","b18e773c-611b-4c18-8b2d-8d3a7e5ddc93","{1}{W}","Enchantment","W","normal","deferred","noncreature-needs-explicit-semantics",""
"Sakashima of a Thousand Faces","8ecdaf4b-4442-42da-9714-4257a83faf50","{3}{U}","Legendary Creature — Human Rogue","U","normal","deferred","oracle-needs-explicit-semantics",""
"Sanar, Innovative First-Year","2676ba6d-e7a7-48cf-9c86-6e2a11f03096","{2}{U/R}{U/R}","Legendary Creature — Goblin Sorcerer","RU","normal","deferred","oracle-needs-explicit-semantics",""
"Sanctifier en-Vec","810d3afe-c644-444f-a4d9-88b323f0b581","{W}{W}","Creature — Human Cleric","W","normal","deferred","oracle-needs-explicit-semantics",""
"Sandstalker Moloch","f2a6dc8d-3c98-44ae-aff0-b838d7aee0b7","{1}{G}{G}","Creature — Lizard","G","normal","deferred","oracle-needs-explicit-semantics",""
"Sanguine Sipper","ea787e29-5e24-4136-bdf6-bee338899e34","{1}{W}","Creature — Vampire Guest","W","normal","deferred","oracle-needs-explicit-semantics",""
"Sarulf, Realm Eater","789964f5-79c5-4329-b68f-b15b0d54b0b2","{1}{B}{G}","Legendary Creature — Wolf","BG","normal","deferred","oracle-needs-explicit-semantics",""
"Saruman of Many Colors","c2d04138-cc17-4dd0-9a4c-9c87df72ed01","{3}{W}{U}{B}","Legendary Creature — Avatar Wizard","BUW","normal","deferred","oracle-needs-explicit-semantics",""
"Sasaya, Orochi Ascendant // Sasaya's Essence","f07f3bf0-e1c8-4a24-87c7-1d6d0b5bd242","{1}{G}{G}","Legendary Creature — Snake Monk // Legendary Enchantment","G","flip","deferred","flip-needs-complete-front-semantics",""
"Sassy Gremlin Blood","16663933-c8e2-4411-8eed-673c52fa3ecb","","Stickers","","normal","deferred","noncreature-needs-explicit-semantics",""
"Satoru Umezawa","ed1d21ba-ddfe-4f82-9e37-93f9e2c7ba33","{1}{U}{B}","Legendary Creature — Human Ninja","BU","normal","deferred","oracle-needs-explicit-semantics",""
"Sauron, Dino Devotee","f5295bfe-7e73-44ad-9cfd-200e31c5d52b","{3}{G}{G}","Legendary Creature — Dinosaur Vampire Villain","G","normal","deferred","oracle-needs-explicit-semantics",""
"Savage Summoning","30c09562-0bca-4382-ae84-aca00e0eb89b","{G}","Instant","G","normal","deferred","spell-needs-explicit-semantics",""
"Savior of Ollenbock","1857dc32-8ff1-4519-b1ca-480a5c2d3b3c","{1}{W}{W}","Creature — Human Soldier","W","normal","deferred","oracle-needs-explicit-semantics",""
"Say Its Name","474f0675-4088-4f77-8081-f9ed7d492837","{1}{G}","Sorcery","G","normal","deferred","spell-needs-explicit-semantics",""
"Scampire","64dbed80-b3a2-4a0f-afe4-c3d968173e50","{2}{B}","Creature — Vampire Employee","B","normal","deferred","oracle-needs-explicit-semantics",""
"Scared Stiff","4a5d8acd-a460-43b2-816a-70f61d7831af","{2}{B}","Creature — Zombie Coward Guest","B","normal","deferred","oracle-needs-explicit-semantics",""
"Scarlet Spider, Ben Reilly","13ab2f3f-f65e-42b5-b743-39b30a4c4751","{1}{R}{G}","Legendary Creature — Spider Human Hero","GR","normal","deferred","oracle-needs-explicit-semantics",""
"Scion of Halaster","227ddf6c-d21a-48da-84fb-395c7e096914","{1}{B}","Legendary Enchantment — Background","B","normal","deferred","noncreature-needs-explicit-semantics",""
"Scrap Welder","4ebce651-ef95-4a96-b720-a23757d641c8","{2}{R}","Creature — Goblin Artificer","R","normal","deferred","oracle-needs-explicit-semantics",""
"Screaming Nemesis","fcb7c93c-46ab-49b5-a6e0-35d73f3be8f0","{2}{R}","Creature — Spirit","R","normal","deferred","oracle-needs-explicit-semantics",""
"Scythecat Cub","929117cd-caa6-402b-9d7b-1f684d75695c","{1}{G}","Creature — Cat","G","normal","deferred","oracle-needs-explicit-semantics",""
"Sea Gate Stormcaller","675de007-a71e-4036-8204-140c67871b7f","{1}{U}","Creature — Human Wizard","U","normal","deferred","oracle-needs-explicit-semantics",""
"Seafarer's Quay","f71f01bc-caae-426b-a25a-bfbfeb9feb67","","Land","","normal","deferred","land-needs-explicit-semantics",""
"Season of the Bold","5fe29c25-a7ad-4c79-a5a5-da1bbc832141","{3}{R}{R}","Sorcery","R","normal","deferred","spell-needs-explicit-semantics",""
"Season of the Witch","307813c5-c3a8-46c5-8ed4-3b244dd169dc","{B}{B}{B}","Enchantment","B","normal","deferred","noncreature-needs-explicit-semantics",""
"Seasoned Buttoneer","6048a682-f218-4039-8d5e-3e5156817fb2","{2}{U}","Creature — Vedalken Employee","U","normal","deferred","oracle-needs-explicit-semantics",""
"Seasoned Cryomancer","c3936db3-d3b6-4a92-9773-6f3c52dc419d","{1}{U}{U}","Creature — Human Wizard","U","normal","deferred","oracle-needs-explicit-semantics",""
"Seasoned Tactician","d7c2f27c-8c82-4283-a17d-f979ee636542","{2}{W}","Creature — Human Advisor","W","normal","deferred","oracle-needs-explicit-semantics",""
"Secret Invasion","25443ea4-3177-4e29-a2b1-f3fee60b3205","{1}{U}{U}","Enchantment — Aura","U","normal","deferred","noncreature-needs-explicit-semantics",""
"Secret of Bloodbending","743fa824-18cb-4225-ba7b-5b0bbc3c8d41","{U}{U}{U}{U}","Sorcery — Lesson","U","normal","deferred","spell-needs-explicit-semantics",""
"Security Rhox","dffc6785-31b0-487c-b9a0-980bca39753d","{2}{R}{G}","Creature — Rhino Warrior","GR","normal","deferred","oracle-needs-explicit-semantics",""
"Seifer, Balamb Rival","417b9d9c-0a67-4554-a275-a6ae15a04bfb","{2}{B}{R}","Legendary Creature — Human Mercenary","BR","normal","deferred","oracle-needs-explicit-semantics",""
"Seize the Soul","91557f08-15b1-4e3e-90fd-cec35ed0868a","{2}{B}{B}","Instant","B","normal","deferred","spell-needs-explicit-semantics",""
"Sekki, Seasons' Guide","1b92501c-80fe-4ae7-834e-72f57ba41a6a","{5}{G}{G}{G}","Legendary Creature — Spirit","G","normal","deferred","oracle-needs-explicit-semantics",""
"Selective Snare","85442273-9596-47bf-9b40-6d48fd7183a6","{X}{U}","Sorcery","U","normal","deferred","spell-needs-explicit-semantics",""
"Sen Triplets","f0c5864f-83c3-4d99-8f97-0ab92608fff3","{2}{W}{U}{B}","Legendary Artifact Creature — Human Wizard","BUW","normal","deferred","oracle-needs-explicit-semantics",""
"Sengir Nosferatu","2efdfcae-c3ad-4c6b-8a60-45a203bd14c6","{3}{B}{B}","Creature — Vampire","B","normal","deferred","oracle-needs-explicit-semantics",""
"Sensational Spider-Man","8c489e39-b9ff-400f-a855-3cddf7e112e6","{1}{W}{U}","Legendary Creature — Spider Human Hero","UW","normal","deferred","oracle-needs-explicit-semantics",""
"Sentinel of Lost Lore","683775ac-481e-4c26-ab2f-5d2813af0268","{1}{G}{G}","Creature — Elf Knight","G","normal","deferred","oracle-needs-explicit-semantics",""
"Sephiroth, Fabled SOLDIER // Sephiroth, One-Winged Angel","70113003-be5e-406a-9aec-cb480468c36d","","Legendary Creature — Human Avatar Soldier // Legendary Creature — Angel Nightmare Avatar","B","transform","deferred","double-faced-card-needs-complete-front-semantics",""
"Serra's Hymn","66a3ffde-4c81-4798-b99b-a6cc3a93c3e3","{W}","Enchantment","W","normal","deferred","noncreature-needs-explicit-semantics",""
"Serum Powder","4e734493-9cb8-4409-8a30-cc15d519a27e","{3}","Artifact","","normal","deferred","noncreature-needs-explicit-semantics",""
"Sewers of Estark","2482f98a-eadf-450d-9e73-fc441b572862","{2}{B}{B}","Instant","B","normal","deferred","spell-needs-explicit-semantics",""
"Shadow the Hedgehog","0c12abcc-6ada-43b3-8750-9cb6ce2b0785","{B}{B}{R}{R}","Legendary Creature — Hedgehog Mercenary","BR","normal","deferred","oracle-needs-explicit-semantics",""
"Shaman's Trance","619d8d81-9e10-4353-b30d-a0f9c3451cd2","{2}{R}","Instant","R","normal","deferred","spell-needs-explicit-semantics",""
"Shark Shredder, Killer Clone","dabd0867-ee3f-40cb-8314-b4a3966f8b24","{2}{B}{B}","Legendary Creature — Shark Octopus Ninja","B","normal","deferred","oracle-needs-explicit-semantics",""
"Shaun & Rebecca, Agents","795a2b09-2ed1-4bc8-b6c9-fb26a81e6790","{1}{G}{W}{U}","Legendary Creature — Human Assassin Scientist","GUW","normal","deferred","oracle-needs-explicit-semantics",""
"Shelkin Brownie","507ce455-bd02-49f9-bf64-4b2d21ffe0ea","{1}{G}","Creature — Ouphe","G","normal","deferred","oracle-needs-explicit-semantics",""
"Shelob, Child of Ungoliant","8372115d-c963-4a41-8759-72f7f6a8935a","{4}{B}{G}","Legendary Creature — Spider Demon","BG","normal","deferred","oracle-needs-explicit-semantics",""
"Shieldmage Advocate","57188b3d-567c-4dff-8b93-7cc7a47894be","{2}{W}","Creature — Human Cleric","W","normal","deferred","oracle-needs-explicit-semantics",""
"Shifty Doppelganger","b9be00a5-448f-4c90-b9ca-b30bcdfe95f2","{2}{U}","Creature — Shapeshifter","U","normal","deferred","oracle-needs-explicit-semantics",""
"Shilgengar, Sire of Famine","71ac4d8c-5b58-4ea8-996b-f0289717c4bb","{3}{B}{B}","Legendary Creature — Elder Demon","BW","normal","deferred","oracle-needs-explicit-semantics",""
"Sidisi, Regent of the Mire","72074972-418d-4dce-83cf-ce8cf310fc42","{1}{B}","Legendary Creature — Zombie Snake Warlock","B","normal","deferred","oracle-needs-explicit-semantics",""
"Sigarda, Host of Herons","e55104e2-4900-48de-b288-d3e6abd5e09e","{2}{G}{W}{W}","Legendary Creature — Angel","GW","normal","deferred","oracle-needs-explicit-semantics",""
"Silvan Reveler","11932191-4b19-49b1-bfe4-abb7b83b2e59","{2}{G}{U}","Creature — Elf Citizen","GU","normal","deferred","oracle-needs-explicit-semantics",""
"Silver Surfer, Cosmic Voyager","3ce1f550-d044-4cb1-991b-e98449f74507","{4}{U}{U}","Legendary Creature — Alien Hero","U","normal","deferred","oracle-needs-explicit-semantics",""
"Simic Guildmage","8b70d296-2756-4bda-b51e-f93be395fce7","{G/U}{G/U}","Creature — Elf Wizard","GU","normal","deferred","oracle-needs-explicit-semantics",""
"Simic Manipulator","8f06fcc9-9018-4c55-af63-c44350a6cfeb","{1}{U}{U}","Creature — Mutant Wizard","U","normal","deferred","oracle-needs-explicit-semantics",""
"Sins of the Past","9059a940-ac28-4322-a11b-af1d107b2edd","{4}{B}{B}","Sorcery","B","normal","deferred","spell-needs-explicit-semantics",""
"Siren's Call","269fc857-a052-4f0a-9759-467ccf42bebb","{U}","Instant","U","normal","deferred","spell-needs-explicit-semantics",""
"Sivitri, Dragon Master","5cf86603-cc47-4644-890a-0997c694817f","{2}{U}{B}","Legendary Planeswalker — Sivitri","BU","normal","deferred","noncreature-needs-explicit-semantics",""
"Skophos Maze-Warden","7d9b7fca-9514-4aea-be51-b6c8debb3de4","{3}{R}","Creature — Minotaur Warrior","R","normal","deferred","oracle-needs-explicit-semantics",""
"Skyshroud Cutter","fbd71691-d0fd-4842-913b-fe6096d509a3","{3}{G}","Creature — Beast","G","normal","deferred","oracle-needs-explicit-semantics",""
"Sleight of Mind","99dba614-40d3-41c1-a3b2-edc8777b010f","{U}","Instant","U","normal","deferred","spell-needs-explicit-semantics",""
"Slimy Burrito Illusion","2d13d399-7198-4cab-b564-dfe0e09425a3","","Stickers","","normal","deferred","noncreature-needs-explicit-semantics",""
"Smoky Lounge // Misty Salon","4f70b0ee-c24c-45fa-b878-9ba69266344f","{2}{R} // {3}{U}","Enchantment — Room // Enchantment — Room","RU","split","deferred","room-door-needs-complete-semantics",""
"Smuggler Captain","dc90b4aa-ba5e-4188-939d-b3920bd9ab0d","{3}{B}","Creature — Human Pirate","B","normal","deferred","oracle-needs-explicit-semantics",""
"Sméagol, Helpful Guide","6b974499-bf1c-4e5b-a72c-c72220f4e591","{1}{B}{G}","Legendary Creature — Halfling Horror","BG","normal","deferred","oracle-needs-explicit-semantics",""
"Snazzy Aether Homunculus","3e5ac76b-08bd-4232-9290-49742b0ff603","","Stickers","","normal","deferred","noncreature-needs-explicit-semantics",""
"Snowfall","5ffed544-1656-4753-ac8f-ad8fb4442c7f","{2}{U}","Enchantment","U","normal","deferred","noncreature-needs-explicit-semantics",""
"Sokrates, Athenian Teacher","f4a9d567-513b-487e-afed-c6e6513a7862","{1}{W}{U}","Legendary Creature — Human Advisor","UW","normal","deferred","oracle-needs-explicit-semantics",""
"Sol'Kanar the Tainted","4efcdefc-e49d-4bce-8581-69037bb48c0a","{2}{U}{B}{R}","Legendary Creature — Elemental Demon","BRU","normal","deferred","oracle-needs-explicit-semantics",""
"Solid Ground","8609ed1a-f202-483e-9299-408ef6e84ad6","{3}{G}","Enchantment","G","normal","deferred","noncreature-needs-explicit-semantics",""
"Songcrafter Mage","13f0863f-ae54-4bea-8f01-7f3891797577","{G}{U}{R}","Creature — Human Bard","GRU","normal","deferred","oracle-needs-explicit-semantics",""
"Sorcerer Class","19ba0f2d-4de3-49a0-be7d-da0aa220cd8a","{U}{R}","Enchantment — Class","RU","class","deferred","class-level-needs-complete-semantics-v21",""
"Sorin of House Markov // Sorin, Ravenous Neonate","84e84532-498b-40ea-9510-46fb2403939b","","Legendary Creature — Human Noble // Legendary Planeswalker — Sorin","BW","transform","deferred","double-faced-card-needs-complete-front-semantics",""
"Soul Burn","063b0f5d-af27-4681-87b9-b553f6887061","{X}{2}{B}","Sorcery","B","normal","deferred","spell-needs-explicit-semantics",""
"Soul Immolation","338747e8-bed8-4e60-8b19-5c2b80799477","{3}{R}{R}","Sorcery","R","normal","deferred","spell-needs-explicit-semantics",""
"Soul Partition","2cfd5c18-47d0-4549-aacc-2428db21df2f","{1}{W}","Instant","W","normal","deferred","spell-needs-explicit-semantics",""
"Soul Swindler","52d90fc8-bd72-432b-a6f8-d4bf6398c50d","{4}{B}","Creature — Demon Employee","B","normal","deferred","oracle-needs-explicit-semantics",""
"Soul of Shandalar","ac96d27c-dbae-4094-9209-3ef143f64713","{4}{R}{R}","Creature — Avatar","R","normal","deferred","oracle-needs-explicit-semantics",""
"Soundwave, Sonic Spy // Soundwave, Superior Captain","cc18e782-a965-404f-96f1-348f3ed799fd","","Legendary Artifact Creature — Robot // Legendary Artifact","BUW","transform","deferred","double-faced-card-needs-complete-front-semantics",""
"Sovereigns of Lost Alara","86e13e19-45df-4d73-8600-51b7caa3e6ab","{4}{W}{U}","Creature — Spirit","UW","normal","deferred","oracle-needs-explicit-semantics",""
"Space Beleren","cfca44cb-8ca5-4ebb-bd5c-b621eca41944","{2}{W}{U}","Legendary Planeswalker — Jace","UW","normal","deferred","noncreature-needs-explicit-semantics",""
"Space Fungus Snickerdoodle","fd29fdbd-b4c5-4d23-9388-df0a798fbbba","","Stickers","","normal","deferred","noncreature-needs-explicit-semantics",""
"Spawnsire of Ulamog","b90d2f4d-b4ea-40af-aea0-1ab4234ab80f","{10}","Creature — Eldrazi","","normal","deferred","oracle-needs-explicit-semantics",""
"Spectral Shift","99eb4f63-841f-4b6b-9794-82bc2ed7b758","{1}{U}","Instant","U","normal","deferred","spell-needs-explicit-semantics",""
"Spellweaver Volute","3d92e5ce-9d30-4203-9f84-6c36117440cf","{3}{U}{U}","Enchantment — Aura","U","normal","deferred","noncreature-needs-explicit-semantics",""
"Sphinx Ambassador","69e1a166-02f7-43f8-b099-dbb01034370c","{5}{U}{U}","Creature — Sphinx","U","normal","deferred","oracle-needs-explicit-semantics",""
"Spider-Man 2099","19845456-3d96-48a4-89fa-9b8e583774c9","{U}{R}","Legendary Creature — Spider Human Hero","RU","normal","deferred","oracle-needs-explicit-semantics",""
"Spider-Punk","03bf7a90-78c1-4e83-8553-e22d85e49876","{1}{R}","Legendary Creature — Spider Human Hero","R","normal","deferred","oracle-needs-explicit-semantics",""
"Spider-Verse","7ef7d902-1f05-40b3-8997-dec197b0b678","{3}{R}{R}","Enchantment","R","normal","deferred","noncreature-needs-explicit-semantics",""
"Spikeshell Harrier","23102d8a-3a93-4e83-af5b-401c85ba9dbc","{4}{U}","Artifact Creature — Robot Turtle","U","normal","deferred","oracle-needs-explicit-semantics",""
"Spinerock Tyrant","e35d4c62-5211-4785-b683-a83719195d87","{3}{R}{R}","Creature — Dragon","R","normal","deferred","oracle-needs-explicit-semantics",""
"Spinnerette, Arachnobat","9372f286-5ea6-4abb-b695-1ad5f46efe34","{3}{B}{G}","Legendary Creature — Spider Performer","BG","normal","deferred","oracle-needs-explicit-semantics",""
"Spinny Ride","cf2cc44e-8134-4b37-bc10-694abb8808f0","","Artifact — Attraction","","normal","deferred","noncreature-needs-explicit-semantics",""
"Spire Phantasm","d5fc017a-7517-4737-ad5b-cc45f1e139ea","{2}{U}{U}","Creature — Gargoyle Illusion","U","normal","deferred","oracle-needs-explicit-semantics",""
"Spirit Water Revival","68979160-b5ce-4787-8a1e-1f40e614c3b0","{1}{U}{U}","Sorcery","U","normal","deferred","spell-needs-explicit-semantics",""
"Split Decision","5f725d51-e133-488c-9ca9-1c7b0523b5bd","{1}{U}","Instant","U","normal","deferred","spell-needs-explicit-semantics",""
"Spoils of War","f3240a86-28b6-4338-9a59-1fb6f795d713","{X}{B}","Sorcery","B","normal","deferred","spell-needs-explicit-semantics",""
"Spooky Clown Mox","785e6563-51c4-4063-9ad9-0392954e135e","","Stickers","","normal","deferred","noncreature-needs-explicit-semantics",""
"Springheart Nantuko","8a3ad2ef-8bcb-40c0-85de-f03328c2b644","{1}{G}","Enchantment Creature — Insect Monk","G","normal","deferred","oracle-needs-explicit-semantics",""
"Spy Kit","4d94f5bd-42c6-4d15-a693-8be189ec3746","{2}","Artifact — Equipment","","normal","deferred","noncreature-needs-explicit-semantics",""
"Squandered Resources","620d0572-6d22-43e2-83a9-000e605c8a2b","{B}{G}","Enchantment","BG","normal","deferred","noncreature-needs-explicit-semantics",""
"Squid Fire Knight","5bd19c93-4b1b-45d7-9764-1327fffe94ca","","Stickers","","normal","deferred","noncreature-needs-explicit-semantics",""
"Squirrel Squatters","7af6b952-9e53-4f5d-ba6f-d31b42e91bbe","{3}{G}{G}","Creature — Squirrel","G","normal","deferred","oracle-needs-explicit-semantics",""
"Squishy Sphinx Ninja","d198b39d-2c5f-4150-8c54-a00d33d74a28","","Stickers","","normal","deferred","noncreature-needs-explicit-semantics",""
"Stand or Fall","927d0085-9bd9-4454-8ac5-0e374237ed35","{3}{R}","Enchantment","R","normal","deferred","noncreature-needs-explicit-semantics",""
"Standard Bearer","1d6e9716-8c3c-443d-afd8-68d0d6c469a5","{1}{W}","Creature — Human Flagbearer","W","normal","deferred","oracle-needs-explicit-semantics",""
"Stangg, Echo Warrior","aaf2a587-ced7-4615-b10f-164e7384b073","{2}{R}{G}","Legendary Creature — Human Warrior","GR","normal","deferred","oracle-needs-explicit-semantics",""
"Starnheim Unleashed","495ebe60-f0e5-4f0f-9d99-b2c64c95dbf4","{2}{W}{W}","Sorcery","W","normal","deferred","spell-needs-explicit-semantics",""
"Start // Finish","4ae2750e-3650-42df-a539-ea4cb72fa136","{2}{W} // {2}{B}","Instant // Sorcery","BW","split","deferred","split-needs-complete-face-semantics",""
"Starving Revenant","2ca969eb-3d79-4d1f-8d9d-7b8204ad166a","{2}{B}{B}","Creature — Spirit Horror","B","normal","deferred","oracle-needs-explicit-semantics",""
"Steamflogger Boss","4d614c79-7934-4662-9ce1-22b57d5137f7","{3}{R}","Creature — Goblin Rigger","R","normal","deferred","oracle-needs-explicit-semantics",""
"Step Right Up","aaf6b3ed-2396-46d7-a32d-7d24cc2eb449","{3}{B}","Sorcery","B","normal","deferred","spell-needs-explicit-semantics",""
"Sticky Kavu Daredevil","3def54bf-2640-47de-84e8-7a9406df007e","","Stickers","","normal","deferred","noncreature-needs-explicit-semantics",""
"Stiltstrider","9c0d7d7d-5513-4e2b-b834-1ff999ab24f5","{3}{G}{G}","Creature — Rhino Performer","G","normal","deferred","oracle-needs-explicit-semantics",""
"Stolen Uniform","17c0cf45-a031-40e8-a37f-eda98a8f785b","{U}","Instant","U","normal","deferred","spell-needs-explicit-semantics",""
"Storm Herald","1692602a-0c44-485c-aadc-c9c70ed70ea8","{2}{R}","Creature — Human Shaman","R","normal","deferred","oracle-needs-explicit-semantics",""
"Storrev, Devkarin Lich","159098f1-172f-408e-a962-86763a29a8e1","{1}{B}{B}{G}","Legendary Creature — Zombie Elf Wizard","BG","normal","deferred","oracle-needs-explicit-semantics",""
"Storybook Ride","53032819-917e-4777-b37f-7cc1ac196940","","Artifact — Attraction","","normal","deferred","noncreature-needs-explicit-semantics",""
"Storyweave","94389047-4976-4be2-aaca-25dcdc538abe","{2}{G}","Instant","G","normal","deferred","spell-needs-explicit-semantics",""
"Strict Proctor","b967870d-9773-4ad5-bf06-c3be5465dab9","{1}{W}","Creature — Spirit Cleric","W","normal","deferred","oracle-needs-explicit-semantics",""
"Stromgald Spy","b7aa0625-c691-4219-b099-3798b349d09c","{3}{B}","Creature — Human Rogue","B","normal","deferred","oracle-needs-explicit-semantics",""
"Stunning Reversal","3db00947-d568-45d7-82cd-b54b4fcb1312","{3}{B}","Instant","B","normal","deferred","spell-needs-explicit-semantics",""
"Summon: Brynhildr","bab5e9ce-6d55-4d1e-a9ac-c2b954191be9","{1}{R}","Enchantment Creature — Saga Knight","R","saga","deferred","saga-chapter-needs-complete-semantics-v21",""
"Suncleanser","437661f7-a32f-45c9-a006-05a1e38ee8d9","{1}{W}","Creature — Human Cleric","W","normal","deferred","oracle-needs-explicit-semantics",""
"Sundial of the Infinite","79d46e09-2548-440f-9c02-3c3dc39a0cd1","{2}","Artifact","","normal","deferred","noncreature-needs-explicit-semantics",""
"Sungold Sentinel","410f5067-3380-4afb-9881-4b3bf0268493","{1}{W}","Creature — Human Soldier","W","normal","deferred","oracle-needs-explicit-semantics",""
"Super-Soldier Serum","6f2ba142-5e7c-4709-ae03-e028cb2a9872","{1}{W}","Enchantment — Aura","W","normal","deferred","noncreature-needs-explicit-semantics",""
"Superior Spider-Man","636cc915-9d1b-4ffe-9e74-795b78663911","{2}{U}{B}","Legendary Creature — Spider Human Hero","BU","normal","deferred","oracle-needs-explicit-semantics",""
"Supper for Spiders","4d891515-39da-492e-ac19-1aa524245449","{1}{B}","Instant","B","normal","deferred","spell-needs-explicit-semantics",""
"Suppressor Skyguard","06c47664-2b4b-468e-a38d-04b62e6edd67","{2}{W}{U}","Creature — Human Knight","UW","normal","deferred","oracle-needs-explicit-semantics",""
"Surge Engine","864d9db7-34ca-4440-8d6d-096f9eddedd4","{2}","Artifact Creature — Construct","U","normal","deferred","oracle-needs-explicit-semantics",""
"Surtland Flinger","f701ada1-e9e1-42ce-9a62-c11bcec03da7","{3}{R}{R}","Creature — Giant Berserker","R","normal","deferred","oracle-needs-explicit-semantics",""
"Suspend","fef9425d-82d5-470b-9cbc-8c03a001099e","{U}","Instant","U","normal","deferred","spell-needs-explicit-semantics",""
"Swinging Ship","65215f0d-d664-44ac-8c27-c4b5a1a01c11","","Artifact — Attraction","","normal","deferred","noncreature-needs-explicit-semantics",""
"Swirl the Mists","eed742c3-006f-475c-aa62-41f971d328cb","{2}{U}{U}","Enchantment","U","normal","deferred","noncreature-needs-explicit-semantics",""
"Swooping Pteranodon","0b1f6e77-55db-4638-9030-3f4e4d37eb1b","{3}{R}{W}","Creature — Dinosaur","RW","normal","deferred","oracle-needs-explicit-semantics",""
"Sword-Swallowing Seraph","01efde9a-a20d-4972-b17f-c2d9eb024b0b","{4}{W}{W}","Creature — Angel Performer","W","normal","deferred","oracle-needs-explicit-semantics",""
"Swordsman, Sharp Scoundrel","2f15abe7-54aa-40ed-a15d-5b827f1c3923","{1}{B}","Legendary Creature — Human Hero Villain","B","normal","deferred","oracle-needs-explicit-semantics",""
"Sworn Defender","02197d14-8d9f-4b1f-9ee0-ce8ef690843c","{2}{W}{W}","Creature — Human Knight","W","normal","deferred","oracle-needs-explicit-semantics",""
"Sygg, Wanderwine Wisdom // Sygg, Wanderbrine Shield","9cc91ac5-6f2b-4fc0-b810-cdc92eebe6de","","Legendary Creature — Merfolk Wizard // Legendary Creature — Merfolk Rogue","UW","transform","deferred","double-faced-card-needs-complete-front-semantics",""
"Symbiote Spider-Man","bc681ecf-2a52-4782-9a47-90f5a9f435d8","{2}{U/B}","Legendary Creature — Symbiote Spider Hero","BU","normal","deferred","oracle-needs-explicit-semantics",""
"Taigam, Master Opportunist","49f2cbc3-bd03-48e6-b1c4-d7f315b8579d","{1}{U}","Legendary Creature — Human Monk","U","normal","deferred","oracle-needs-explicit-semantics",""
"Tainted Specter","fc638800-6aec-4a48-ad2c-c9a5ce93c236","{3}{B}","Creature — Specter","B","normal","deferred","oracle-needs-explicit-semantics",""
"Tajuru Paragon","b03a9d03-4853-4856-8cfa-ad4085e0e3e3","{1}{G}","Creature — Elf","G","normal","deferred","oracle-needs-explicit-semantics",""
"Tajuru Preserver","d12d4b54-a13a-46ba-b176-3aaa453ce3e2","{1}{G}","Creature — Elf Shaman","G","normal","deferred","oracle-needs-explicit-semantics",""
"Talent of the Telepath","a3a26df4-a9d5-48f5-942f-76862bdcd146","{2}{U}{U}","Sorcery","U","normal","deferred","spell-needs-explicit-semantics",""
"Tamiyo, Collector of Tales","75d56a0a-2f64-4e80-b83e-85942d3e6dd7","{2}{G}{U}","Legendary Planeswalker — Tamiyo","GU","normal","deferred","noncreature-needs-explicit-semantics",""
"Tamiyo, Inquisitive Student // Tamiyo, Seasoned Scholar","1ed9e351-0000-4b75-8ecb-d15bd88df68a","","Legendary Creature — Moonfolk Wizard // Legendary Planeswalker — Tamiyo","GU","transform","deferred","double-faced-card-needs-complete-front-semantics",""
"Tannuk, Steadfast Second","b5ae8016-92ed-4ae8-83a8-65068defc616","{2}{R}{R}","Legendary Creature — Kavu Pilot","R","normal","deferred","oracle-needs-explicit-semantics",""
"Tapestry Warden","981138d0-bf61-406a-85be-68cc5e58796c","{3}{G}","Artifact Creature — Robot Soldier","G","normal","deferred","oracle-needs-explicit-semantics",""
"Tarrian's Journal // The Tomb of Aclazotz","a75b02ba-b0c8-47e3-a05c-e9ba221a7578","","Legendary Artifact — Book // Legendary Land — Cave","B","transform","deferred","double-faced-card-needs-complete-back-semantics",""
"Tasha, the Witch Queen","863a148c-596a-492b-b68e-3e1cbfcb140f","{3}{U}{B}","Legendary Planeswalker — Tasha","BU","normal","deferred","noncreature-needs-explicit-semantics",""
"Taster of Wares","020aae46-cdba-4c37-9c54-283727c09994","{2}{B}","Creature — Goblin Warlock","B","normal","deferred","oracle-needs-explicit-semantics",""
"Taunt","24cf7fad-233b-49fd-b2a1-a29e3e30041c","{U}","Sorcery","U","normal","deferred","spell-needs-explicit-semantics",""
"Tax Collector","66837faa-fbde-456d-b00f-eb17fbdd04aa","{1}{W}","Creature — Human Advisor","W","normal","deferred","oracle-needs-explicit-semantics",""
"Tazri, Stalwart Survivor","13a3e61d-c9ff-447d-9016-09a183b7af1d","{2}{W}","Legendary Creature — Human Warrior","BGRUW","normal","deferred","oracle-needs-explicit-semantics",""
"Teachings of the Kirin // Kirin-Touched Orochi","cb7edb5e-3a90-41c7-ae52-dc564086bf22","","Enchantment — Saga // Enchantment Creature — Snake Monk","G","transform","parser-eligible-unimported","requires-import-and-executable-proof","permanent-template"
"Tears of Rage","564ffd21-bffb-488d-a496-cca29f344cdc","{2}{R}{R}","Instant","R","normal","deferred","spell-needs-explicit-semantics",""
"Tectonic Split","b71c3c1e-f927-4192-ac3a-cf6a442ffd00","{4}{G}{G}","Enchantment","G","normal","deferred","noncreature-needs-explicit-semantics",""
"Teferi's Talent","efc23669-1bbb-487f-94b3-cc07f3cd35f6","{3}{U}{U}","Enchantment — Aura","U","normal","deferred","noncreature-needs-explicit-semantics",""
"Tellah, Great Sage","1a080b26-c766-4f7c-9198-4974d2133f75","{3}{U}{R}","Legendary Creature — Human Wizard","RU","normal","deferred","unbound-event-amount",""
"Templar Knight","f9453fe2-fadf-4cd4-8d2c-0eaa0e2d78d6","{1}{W}","Creature — Human Knight","W","normal","deferred","oracle-needs-explicit-semantics",""
"Temporal Aperture","549fe3ff-70aa-4543-b427-40b814b29894","{2}","Artifact","","normal","deferred","noncreature-needs-explicit-semantics",""
"Tenacious Underdog","598e3ed2-659f-4400-b41d-3aee8068fba6","{1}{B}","Creature — Human Warrior","B","normal","deferred","oracle-needs-explicit-semantics",""
"Tenth District Hero","0953772c-9374-4616-9c04-5838aaf626c9","{1}{W}","Creature — Human","W","normal","deferred","oracle-needs-explicit-semantics",""
"Teremko Griffin","a00cb1fa-a196-4403-9008-532dbd15769e","{3}{W}","Creature — Griffin","W","normal","deferred","oracle-needs-explicit-semantics",""
"Terra, Magical Adept // Esper Terra","54ca5904-9099-497a-9684-101656025487","","Legendary Creature — Human Wizard Warrior // Legendary Enchantment Creature — Saga Wizard","BGRUW","transform","deferred","double-faced-card-needs-complete-back-semantics",""
"Tetsuo, Imperial Champion","1111e042-0bce-4819-ab42-9912aed4d930","{U}{B}{R}","Legendary Creature — Human Samurai","BRU","normal","deferred","oracle-needs-explicit-semantics",""
"Tetzin, Gnome Champion // The Golden-Gear Colossus","e12b38e5-621b-4b2c-8c04-c15c41d4fc70","","Legendary Artifact Creature — Gnome // Legendary Artifact Creature — Gnome","RUW","transform","deferred","double-faced-card-needs-complete-front-semantics",""
"The Archimandrite","e5e8368d-43af-4f83-8565-25d03da64360","{2}{U}{R}{W}","Legendary Creature — Human Advisor","RUW","normal","deferred","oracle-needs-explicit-semantics",""
"The Book of Vile Darkness","fcc666bc-6fea-44e0-94bc-462c742db528","{B}{B}{B}","Legendary Artifact — Book","B","normal","deferred","noncreature-needs-explicit-semantics",""
"The Brothers' War","43040c34-acad-4d62-893d-fd606fa9d8fe","{3}{R}","Enchantment — Saga","R","saga","deferred","saga-chapter-needs-complete-semantics-v21",""
"The Capitoline Triad","e0321049-a3ed-4378-b607-7fb190b6f0fd","{10}","Legendary Creature — God Artificer","","normal","deferred","oracle-needs-explicit-semantics",""
"The Celestial Toymaker","388fe92a-0bc0-4c0a-a7c6-910c5e71e342","{W}{U}{B}","Legendary Creature — Rogue Artificer","BUW","normal","deferred","oracle-needs-explicit-semantics",""
"The Dominion Bracelet","c017f8ae-9103-4965-a07a-f259f44a157d","{2}","Legendary Artifact — Equipment","","normal","deferred","noncreature-needs-explicit-semantics",""
"The Dragon-Kami Reborn // Dragon-Kami's Egg","c3a46eb3-38d9-4f47-9b71-26c9ea7ef1ce","","Enchantment — Saga // Enchantment Creature — Egg","G","transform","deferred","double-faced-card-needs-complete-front-semantics",""
"The Enigma Jewel // Locus of Enlightenment","c0d2bdd9-1e68-4d3a-83f8-ec2ba440a494","","Legendary Artifact // Legendary Artifact","U","transform","deferred","double-faced-card-needs-complete-front-semantics",""
"The Everflowing Well // The Myriad Pools","1f57a9f1-6b95-4395-bdf0-c5289b786ab1","","Legendary Artifact // Legendary Artifact Land","U","transform","deferred","double-faced-card-needs-complete-back-semantics",""
"The Fantastic Four","a2281c99-3f45-441b-8e78-7f1f29bf1dcd","{R}{G}{W}{U}","Legendary Creature — Human Hero","GRUW","normal","deferred","oracle-needs-explicit-semantics",""
"The Fourteenth Doctor","0afcf1eb-ac2c-4bb0-8823-9fe45968c2d9","{R/G}{W}{U}","Legendary Creature — Time Lord Doctor","GRUW","normal","deferred","oracle-needs-explicit-semantics",""
"The Gitrog, Ravenous Ride","7739311a-682b-48a6-8db2-c07f44141751","{3}{B}{G}","Legendary Creature — Frog Horror Mount","BG","normal","deferred","oracle-needs-explicit-semantics",""
"The Great Aurora","b9d7341e-10e7-43f9-bee2-e8053b287acd","{6}{G}{G}{G}","Sorcery","G","normal","deferred","spell-needs-explicit-semantics",""
"The Infamous Cruelclaw","e229d55c-9513-437d-bd67-015ac46aaa18","{1}{B}{R}","Legendary Creature — Weasel Mercenary","BR","normal","deferred","oracle-needs-explicit-semantics",""
"The Kingpin of Crime","3eeeb159-aa45-4a9b-9618-8542604b9830","{1}{W}{B}","Legendary Creature — Human Villain","BW","normal","deferred","oracle-needs-explicit-semantics",""
"The Lady of Otaria","1ea4f882-6872-4d9e-9532-5ba2bf848d00","{3}{R}{G}","Legendary Creature — Avatar","GR","normal","deferred","oracle-needs-explicit-semantics",""
"The Legend of Kyoshi // Avatar Kyoshi","e41e8754-028c-4399-b530-de9e134d04b0","","Enchantment — Saga // Legendary Creature — Avatar","G","transform","deferred","double-faced-card-needs-complete-front-semantics",""
"The Legend of Yangchen // Avatar Yangchen","521a63cf-5e83-4649-9800-c62b2fc474d6","","Enchantment — Saga // Legendary Creature — Avatar","W","transform","deferred","double-faced-card-needs-complete-front-semantics",""
"The Masamune","89eb4c39-35ae-405b-8af4-779880cb11c9","{3}","Legendary Artifact — Equipment","","normal","deferred","noncreature-needs-explicit-semantics",""
"The Mightstone and Weakstone","c396db03-bf11-4e20-b630-4f9aa8fd78da","{5}","Legendary Artifact — Powerstone","","meld","deferred","complex-layout",""
"The Most Dangerous Gamer","dcb9337b-d5fd-4cd2-a41f-900d170a5ded","{2}{B}{G}","Legendary Creature — Human Gamer Guest","BG","normal","deferred","oracle-needs-explicit-semantics",""
"The Necrobloom","b981af39-4ee6-4fbc-9a89-618dcad9dfbf","{1}{W}{B}{G}","Legendary Creature — Plant","BGW","normal","deferred","oracle-needs-explicit-semantics",""
"The Pride of Hull Clade","bbd7b756-bbee-451e-9446-06019791cb36","{10}{G}","Legendary Creature — Crocodile Elk Turtle","GU","normal","deferred","oracle-needs-explicit-semantics",""
"The Prismatic Piper","b2aeee90-7b8d-47a6-9167-cc21f7fbfd43","{5}","Legendary Creature — Shapeshifter","","normal","deferred","oracle-needs-explicit-semantics",""
"The Raven's Warning","74206de7-470b-4256-9207-9fb46d3c4356","{1}{W}{U}","Enchantment — Saga","UW","saga","deferred","saga-chapter-needs-complete-semantics-v21",""
"The Rise of Sozin // Fire Lord Sozin","9b0b217d-cc9d-4187-89cb-f13160ed2983","","Enchantment — Saga // Legendary Creature — Human Noble","B","transform","deferred","double-faced-card-needs-complete-back-semantics",""
"The Ruinous Wrecking Crew","0ff9c0cc-4fb3-4117-9a8e-5b51f62306c4","{X}{B}{R}","Legendary Creature — Human Villain","BR","normal","deferred","oracle-needs-explicit-semantics",""
"The Super Hero Civil War","11d74dc2-8c11-4d4b-b727-8216d2eb6b4e","{3}{R}{W}","Enchantment — Saga","RW","saga","deferred","saga-chapter-needs-complete-semantics-v21",""
"The Tale of Tamiyo","98a13f7b-ebe7-4a90-a0b9-95dccfff7fa6","{2}{U}","Legendary Enchantment — Saga","U","saga","deferred","saga-chapter-needs-complete-semantics-v21",""
"Thelon of Havenwood","c673b7b0-c1e7-4bcd-8fe0-66d83f22ecb9","{G}{G}","Legendary Creature — Elf Druid","BG","normal","deferred","oracle-needs-explicit-semantics",""
"Thick-Skinned Goblin","e7436973-9ac8-45b2-9d79-769bfacef4b9","{1}{R}","Creature — Goblin Shaman","R","normal","deferred","oracle-needs-explicit-semantics",""
"Thorin, Mountain-king","94917b80-ac32-45ab-b4ee-157ade024bcd","{3}{R}","Legendary Creature — Dwarf Noble","R","normal","deferred","oracle-needs-explicit-semantics",""
"Thornmantle Striker","39f17e13-018c-4a00-ab25-1ac5a904de63","{4}{B}","Creature — Elf Rogue","B","normal","deferred","oracle-needs-explicit-semantics",""
"Thousand Moons Smithy // Barracks of the Thousand","32af5f7b-a970-484a-9aff-226749551d32","","Legendary Artifact // Legendary Artifact Land","W","transform","deferred","double-faced-card-needs-complete-back-semantics",""
"Thrasta, Tempest's Roar","19d258fb-4cda-4cbb-b07a-8b4670488867","{10}{G}{G}","Legendary Creature — Dinosaur","G","normal","deferred","oracle-needs-explicit-semantics",""
"Throne of the Grim Captain // The Grim Captain","a7c96442-706b-4fd8-9b38-052872dafe58","","Legendary Artifact // Legendary Creature — Skeleton Spirit Pirate","B","transform","deferred","double-faced-card-needs-complete-front-semantics",""
"Thunderblade Charge","b4f31434-b7c4-489b-9385-70ee0cc3125e","{1}{R}{R}","Sorcery","R","normal","deferred","spell-needs-explicit-semantics",""
"Ticketomaton","dc8290d7-83b0-49ef-b0de-7ebb3633a149","{3}","Artifact Creature — Robot","","normal","deferred","oracle-needs-explicit-semantics",""
"Tilonalli's Summoner","830d3450-18e7-4bac-b330-3906ef5e4514","{1}{R}","Creature — Human Shaman","R","normal","deferred","oracle-needs-explicit-semantics",""
"Timber Wolves","35d07ac9-b184-4b5f-8192-34b1db042f69","{G}","Creature — Wolf","G","normal","deferred","oracle-needs-explicit-semantics",""
"Time Stop","55bc6a7e-2356-48f0-a93a-8bf19044ee4b","{4}{U}{U}","Instant","U","normal","deferred","spell-needs-explicit-semantics",""
"Timeline Culler","3c307122-bc18-41f1-87d5-ae6b3ca9b8b9","{B}{B}","Creature — Drix Warlock","B","normal","deferred","oracle-needs-explicit-semantics",""
"Timesifter","99f8805f-6618-4838-a4e7-a3660e3b087f","{5}","Artifact","","normal","deferred","noncreature-needs-explicit-semantics",""
"Tinybones, Bauble Burglar","fd335b2f-e6a2-45ac-949e-a67278b21cb6","{1}{B}","Legendary Creature — Skeleton Rogue","B","normal","deferred","oracle-needs-explicit-semantics",""
"Tishana's Tidebinder","2993dc7d-723d-4a9b-94bd-4bb02a9f7243","{2}{U}","Creature — Merfolk Wizard","U","normal","deferred","oracle-needs-explicit-semantics",""
"Titania, Gaea Incarnate","43230d70-4d60-4ceb-bb45-fbc043280652","","Legendary Creature — Elemental Avatar","G","meld","deferred","complex-layout",""
"Titania, Voice of Gaea","42bccda5-1754-4619-b94f-7a72f934a718","{1}{G}{G}","Legendary Creature — Elemental","G","meld","deferred","complex-layout",""
"Toggo, Goblin Weaponsmith","d334717a-f3a8-4ffa-bdc9-44ae7bdcc772","{2}{R}","Legendary Creature — Goblin Artificer","R","normal","deferred","oracle-needs-explicit-semantics",""
"Tolsimir, Midnight's Light","0e9c7380-7584-43e6-8c31-5d1bb1685fe0","{2}{G}{W}{W}","Legendary Creature — Elf Scout","GW","normal","deferred","oracle-needs-explicit-semantics",""
"Tom Bombadil","89a2d5bc-df06-47e8-8b4a-6d1f0a63c78d","{W}{U}{B}{R}{G}","Legendary Creature — God Bard","BGRUW","normal","deferred","oracle-needs-explicit-semantics",""
"Tomik, Distinguished Advokist","9895a33f-9bbd-4440-8c1a-0d401431b77f","{W}{W}","Legendary Creature — Human Advisor","W","normal","deferred","oracle-needs-explicit-semantics",""
"Tomik, Orzhov Lawmage","7a501f7e-eec8-45f7-9ac3-483fd8f5ca5e","{1}{W}","Legendary Creature — Human Advisor","W","normal","deferred","oracle-needs-explicit-semantics",""
"Toph, Earthbending Master","ad5d3e7e-bf8c-4fa3-a81e-1523aec2585f","{3}{G}","Legendary Creature — Human Warrior Ally","G","normal","deferred","oracle-needs-explicit-semantics",""
"Toph, Hardheaded Teacher","8c1c0117-6fc0-43c5-a4c8-6472de6503d9","{2}{R}{G}","Legendary Creature — Human Warrior Ally","GR","normal","deferred","oracle-needs-explicit-semantics",""
"Toralf, God of Fury // Toralf's Hammer","fffcb71f-e802-436e-917d-eaa6607ab74f","","Legendary Creature — God // Legendary Artifact — Equipment","R","modal_dfc","deferred","double-faced-card-needs-complete-front-semantics",""
"Torgaar, Famine Incarnate","4229140f-fa5b-4727-a16a-cbbd756d979e","{6}{B}{B}","Legendary Creature — Avatar","B","normal","deferred","oracle-needs-explicit-semantics",""
"Torrent of Lava","f467ec85-ffe2-4963-82e0-509a7873fd63","{X}{R}{R}","Sorcery","R","normal","deferred","spell-needs-explicit-semantics",""
"Touch of Moonglove","d3a6bff6-ea85-4e8a-b256-7427d15326b6","{B}","Instant","B","normal","deferred","spell-needs-explicit-semantics",""
"Tovolar, Dire Overlord // Tovolar, the Midnight Scourge","45d49831-548a-4a0e-9a18-9f7397913895","","Legendary Creature — Human Werewolf // Legendary Creature — Werewolf","GR","transform","deferred","double-faced-card-needs-complete-front-semantics",""
"Trained Blessed Mind","7a1ff7f3-0b3e-47fe-9e89-522c04f53869","","Stickers","","normal","deferred","noncreature-needs-explicit-semantics",""
"Trait Doctoring","3b5b926b-ee8f-4c7a-8737-1de7d18ca60d","{U}","Sorcery","U","normal","deferred","spell-needs-explicit-semantics",""
"Tranquil Frillback","e87a4461-f3d1-443f-ad4c-dba91a993809","{2}{G}","Creature — Dinosaur","G","normal","deferred","oracle-needs-explicit-semantics",""
"Trash Bin","f104a6a2-1d98-48c7-90f8-eed94eab0ca0","","Artifact — Attraction","","normal","deferred","noncreature-needs-explicit-semantics",""
"Traveling Chocobo","2e5675d3-3fb0-43b5-a65c-95aacbe48bf9","{2}{G}","Creature — Bird","G","normal","deferred","oracle-needs-explicit-semantics",""
"Traveling Plague","371e8e29-f569-4b23-bae4-cf89e5b09fd3","{3}{B}{B}","Enchantment — Aura","B","normal","deferred","noncreature-needs-explicit-semantics",""
"Trendy Circus Pirate","eb980d94-2860-4fe5-85e0-2757985721f1","","Stickers","","normal","deferred","noncreature-needs-explicit-semantics",""
"Triad of Fates","fd09875f-71a1-41c2-b404-ff58f4d4cb6c","{2}{W}{B}","Legendary Creature — Human Wizard","BW","normal","deferred","oracle-needs-explicit-semantics",""
"Triton Tactics","55b72176-e428-4d2a-a701-237e8c8de22e","{U}","Instant","U","normal","deferred","spell-needs-explicit-semantics",""
"Trove of Temptation","f624c0f1-1c09-4b7a-b140-11329f27e3c7","{3}{R}","Enchantment","R","normal","deferred","noncreature-needs-explicit-semantics",""
"Tuktuk Scrapper","85cf2403-b419-4364-8ac9-67dd1ceddf9e","{3}{R}","Creature — Goblin Artificer Ally","R","normal","deferred","oracle-needs-explicit-semantics",""
"Tunnel of Love","e6dd25bd-8017-4691-86ba-466c68d9fd8a","","Artifact — Attraction","","normal","deferred","noncreature-needs-explicit-semantics",""
"Turncoat Kunoichi","0f35cf85-6783-4d69-b5e6-a81f7c1f21e7","{2}{W}","Creature — Mutant Ninja Fox","BW","normal","deferred","oracle-needs-explicit-semantics",""
"Turtles Forever","cff5aca2-72c5-4053-a32c-c0bd3174c52d","{3}{W}","Instant","W","normal","deferred","spell-needs-explicit-semantics",""
"Tusk and Whiskers","de45de7e-5bba-4612-8bb7-755710d93ecf","{3}{G}{W}","Legendary Creature — Elephant Mouse Performer","GW","normal","deferred","oracle-needs-explicit-semantics",""
"Twilight Diviner","05d7222b-cc08-4f1f-8e35-6058599572ba","{2}{B}","Creature — Elf Cleric","B","normal","deferred","oracle-needs-explicit-semantics",""
"Twists and Turns // Mycoid Maze","740aa9d9-91a9-431e-8bf9-1344e5273e27","","Enchantment // Land — Cave","G","transform","deferred","double-faced-card-needs-complete-front-semantics",""
"Tyvar the Bellicose","a21d321b-2172-4577-a05b-399a019e3448","{2}{B}{G}","Legendary Creature — Elf Warrior","BG","normal","deferred","oracle-needs-explicit-semantics",""
"Ugin's Binding","ed622e71-f348-4e46-8fb9-05aae430983a","{2}{U}","Instant","U","normal","deferred","spell-needs-explicit-semantics",""
"Ulamog's Despoiler","e0457123-7ba1-44fa-8e0d-6f1f17534b29","{6}","Creature — Eldrazi Processor","","normal","deferred","oracle-needs-explicit-semantics",""
"Ulamog, the Defiler","97836c48-8777-4b4e-98fb-e99204f38bdd","{10}","Legendary Creature — Eldrazi","","normal","deferred","oracle-needs-explicit-semantics",""
"Uldaros Theorix","020d561b-2e5d-439e-9e6a-318d23e73542","{3}{U}{B}{B}","Legendary Creature — Elder Sphinx","BU","normal","deferred","oracle-needs-explicit-semantics",""
"Ultima","c9a45c28-826e-4e6e-8adc-1368ea1af11a","{3}{W}{W}","Sorcery","W","normal","deferred","spell-needs-explicit-semantics",""
"Ultima, Origin of Oblivion","baa337ce-edc6-4ee5-a898-68e9dbb4ab93","{5}","Legendary Creature — God","","normal","deferred","oracle-needs-explicit-semantics",""
"Ultimecia, Time Sorceress // Ultimecia, Omnipotent","70773879-b773-4e81-99ca-8f4bba478962","","Legendary Creature — Human Warlock // Legendary Creature — Nightmare Warlock","BU","transform","deferred","double-faced-card-needs-complete-front-semantics",""
"Ultron, Artificial Malevolence","a8f25e67-2112-4355-9298-363ed04a5cb8","{3}","Legendary Artifact Creature — Robot Villain","","normal","deferred","oracle-needs-explicit-semantics",""
"Umori, the Collector","913383a1-9c0d-40a1-8c5a-b0a8a95c09a6","{2}{B/G}{B/G}","Legendary Creature — Ooze","BG","normal","deferred","oracle-needs-explicit-semantics",""
"Unassuming Gelatinous Serpent","6ad4d181-21ce-47f3-9c00-2aa8c307e7fe","","Stickers","","normal","deferred","noncreature-needs-explicit-semantics",""
"Unglued Pea-Brained Dinosaur","eb1c4f0a-b993-4aa1-8b13-1695b5f63653","","Stickers","","normal","deferred","noncreature-needs-explicit-semantics",""
"Unhinged Beast Hunt","ea1fb0c3-d52c-4435-af2c-4b74f31189f7","","Stickers","","normal","deferred","noncreature-needs-explicit-semantics",""
"Unholy Citadel","d410027b-1c22-461e-939d-06a2c851352e","","Land","","normal","deferred","land-needs-explicit-semantics",""
"Unique Charmed Pants","989346e5-3e76-40ce-8295-d267929d4fd5","","Stickers","","normal","deferred","noncreature-needs-explicit-semantics",""
"Unlawful Entry","898ee071-dd37-4a02-895d-a41b568d7eef","{1}{U}","Instant","U","normal","deferred","spell-needs-explicit-semantics",""
"Unlucky Cabbage Merchant","d8f7d4c8-bc50-4bcf-b930-797dcb3c2a21","{1}{G}","Creature — Human Citizen","G","normal","deferred","oracle-needs-explicit-semantics",""
"Unsanctioned Ancient Juggler","4413cb03-d6e9-4e6c-b5fe-9240ca0ebd13","","Stickers","","normal","deferred","noncreature-needs-explicit-semantics",""
"Unstable Glyphbridge // Sandswirl Wanderglyph","fcd54631-ea47-49a7-ad5f-9a9a51a815ba","","Artifact // Artifact Creature — Golem","W","transform","deferred","double-faced-card-needs-complete-front-semantics",""
"Unstable Robot Dragon","676de97a-299b-42ac-aa93-bb12dc9c4460","","Stickers","","normal","deferred","noncreature-needs-explicit-semantics",""
"Unyielding Gatekeeper","3c8fa799-7f30-4532-8317-f37a7ab787de","{1}{W}","Creature — Elephant Cleric","W","normal","deferred","oracle-needs-explicit-semantics",""
"Urabrask // The Great Work","4b1da9aa-a30c-44b8-a10e-f9dc3fe70b6f","","Legendary Creature — Phyrexian Praetor // Enchantment — Saga","R","transform","deferred","double-faced-card-needs-complete-front-semantics",""
"Urborg Panther","0678beaf-564c-4e98-b45f-a544925683a1","{2}{B}","Creature — Nightstalker Cat","B","normal","deferred","oracle-needs-explicit-semantics",""
"Urgent Necropsy","378a6203-0d47-4165-bdc2-43dfdfb4d15d","{2}{B}{G}","Instant","BG","normal","deferred","spell-needs-explicit-semantics",""
"Urza's Avenger","1cfeb5c4-a2d0-4872-a907-a6d484be85a5","{6}","Artifact Creature — Shapeshifter","","normal","deferred","oracle-needs-explicit-semantics",""
"Urza's Dark Cannonball","7abe9119-cc5d-4004-8a46-4a3153ead570","","Stickers","","normal","deferred","noncreature-needs-explicit-semantics",""
"Urza's Engine","bf6ea878-044b-40a8-a21b-0191a948a69a","{5}","Artifact Creature — Juggernaut","","normal","deferred","oracle-needs-explicit-semantics",""
"Urza's Saga","4c6a0c30-b547-4eff-8ff4-0ca25803c076","","Enchantment Land — Urza's Saga","","saga","deferred","saga-chapter-needs-complete-semantics-v21",""
"Urza, Lord Protector","df2af646-3e5b-43a3-8f3e-50565889f456","{1}{W}{U}","Legendary Creature — Human Artificer","UW","meld","deferred","complex-layout",""
"Urza, Planeswalker","759406d7-44ae-4260-9ef5-3bb2c92f751a","","Legendary Planeswalker — Urza","UW","meld","deferred","complex-layout",""
"Uvilda, Dean of Perfection // Nassari, Dean of Expression","63c4915f-5ad9-468f-95c5-d44f1b71631e","","Legendary Creature — Djinn Wizard // Legendary Creature — Efreet Shaman","RU","modal_dfc","deferred","double-faced-card-needs-complete-front-semantics",""
"Vaan, Street Thief","24fd1f47-bb15-45c6-a7b1-ba8eb3bb8b1d","{2}{R}","Legendary Creature — Human Scout","R","normal","deferred","oracle-needs-explicit-semantics",""
"Vaevictis Asmadi, the Dire","c42ce2e9-4dfe-468a-8f41-49e187cb91d4","{3}{B}{R}{G}","Legendary Creature — Elder Dragon","BGR","normal","deferred","oracle-needs-explicit-semantics",""
"Valgavoth, Terror Eater","cae3ec72-436d-4086-9dcb-17b3d92ad5c4","{6}{B}{B}{B}","Legendary Creature — Elder Demon","B","normal","deferred","oracle-needs-explicit-semantics",""
"Vampire Champion Fury","be19d5ef-15ed-422d-8799-63eabfdbaae3","","Stickers","","normal","deferred","noncreature-needs-explicit-semantics",""
"Vanille, Cheerful l'Cie","577725ae-290f-4081-8352-3317521a096f","{3}{G}","Legendary Creature — Human Cleric","BG","meld","deferred","complex-layout",""
"Varolz, the Scar-Striped","b6b83b88-0660-4227-895e-78ac43d01b66","{1}{B}{G}","Legendary Creature — Troll Warrior","BG","normal","deferred","oracle-needs-explicit-semantics",""
"Vazi, Keen Negotiator","7446c013-63b0-402b-b8b9-dd25ccc553df","{2}{B}{R}{G}","Legendary Creature — Human Advisor","BGR","normal","deferred","oracle-needs-explicit-semantics",""
"Vedalken Squirrel-Whacker","af1779f8-790e-4606-a02d-9eb4589d58cf","{3}{U}","Creature — Vedalken Guest","U","normal","deferred","dynamic-power-toughness",""
"Veil of Summer","002965be-a36f-4a09-9ce0-c6535bca1703","{G}","Instant","G","normal","deferred","spell-needs-explicit-semantics",""
"Vengeful Archon","c3ef4311-c7f1-45ae-8bd5-9c05bdf2ae88","{4}{W}{W}{W}","Creature — Archon","W","normal","deferred","oracle-needs-explicit-semantics",""
"Vengeful Pharaoh","7e465cfe-d2ee-4420-87f4-945728f58f87","{2}{B}{B}{B}","Creature — Zombie","B","normal","deferred","oracle-needs-explicit-semantics",""
"Venser, Corpse Puppet","17c934a7-3480-4309-a217-ca2550538ae7","{U}{B}","Legendary Creature — Phyrexian Zombie Wizard","BU","normal","deferred","oracle-needs-explicit-semantics",""
"Viashino Bey","d9c9b933-74f4-4898-bbb8-2da76b86ccda","{2}{R}{R}","Creature — Lizard","R","normal","deferred","oracle-needs-explicit-semantics",""
"Victor, Valgavoth's Seneschal","92bf8f05-cbfd-42d8-8bc1-d7f2e46f9872","{1}{W}{B}","Legendary Creature — Human Warlock","BW","normal","deferred","oracle-needs-explicit-semantics",""
"Vincent's Limit Break","814679b4-51bd-4b07-a7b8-d3375d36ff45","{1}{B}","Instant","B","normal","deferred","spell-needs-explicit-semantics",""
"Vivien's Talent","968f0edb-b81f-465a-84b2-f077af61e51b","{1}{G}{G}","Enchantment — Aura","G","normal","deferred","noncreature-needs-explicit-semantics",""
"Vivien, Arkbow Ranger","3e83dec6-e1a0-4137-aaab-308dfd3122e1","{1}{G}{G}{G}","Legendary Planeswalker — Vivien","G","normal","deferred","noncreature-needs-explicit-semantics",""
"Vizier of Remedies","79770e65-740a-44c7-bea2-a24e6a722c22","{1}{W}","Creature — Human Cleric","W","normal","deferred","oracle-needs-explicit-semantics",""
"Vizier of the Anointed","cb5aa38e-6a76-4c0c-be14-3c546acd353d","{3}{U}","Creature — Human Cleric","U","normal","deferred","oracle-needs-explicit-semantics",""
"Vizkopa Confessor","9db7cb7f-1309-4f1d-9c9d-423c91c0896c","{3}{W}{B}","Creature — Human Cleric","BW","normal","deferred","oracle-needs-explicit-semantics",""
"Vohar, Vodalian Desecrator","4380df08-7be4-48ca-9783-d644fd2ea27d","{U}{B}","Legendary Creature — Phyrexian Merfolk Wizard","BU","normal","deferred","oracle-needs-explicit-semantics",""
"Void Winnower","70ac902e-1eb5-4f83-a5a6-00ac89cfe50f","{9}","Creature — Eldrazi","","normal","deferred","oracle-needs-explicit-semantics",""
"Volatile Arsonist // Dire-Strain Anarchist","215dfa88-b130-44df-9cfc-f1f0e4a36f4d","","Creature — Human Werewolf // Creature — Werewolf","R","transform","deferred","double-faced-card-needs-complete-front-semantics",""
"Volatile Chimera","f343e5c8-7c43-4c97-b922-2002c7ab51ab","{2}{R}","Creature — Elemental Chimera","R","normal","deferred","oracle-needs-explicit-semantics",""
"Volatile Stormdrake","08d64b16-9221-4532-890c-d5cdbf181e28","{1}{U}","Creature — Drake","U","normal","deferred","oracle-needs-explicit-semantics",""
"Volcano Hellion","12a88c08-11e3-4f51-a17c-ca06452bac6f","{2}{R}{R}","Creature — Hellion","R","normal","deferred","oracle-needs-explicit-semantics",""
"Volo, Itinerant Scholar","9b61f5b1-7688-4336-8fe9-66da37a34df9","{2}{U}","Legendary Creature — Human Wizard","U","normal","deferred","oracle-needs-explicit-semantics",""
"Volunteer Reserves","a2dabd52-0b75-42d7-a07d-0df7b38646e2","{1}{W}","Creature — Human Soldier","W","normal","deferred","oracle-needs-explicit-semantics",""
"Vorinclex, Monstrous Raider","5a3fdf5a-bff8-4896-b288-3f43f9a72d9b","{4}{G}{G}","Legendary Creature — Phyrexian Praetor","G","normal","deferred","oracle-needs-explicit-semantics",""
"Vraska, the Silencer","e7c5a568-3855-4a20-9edf-01a8a6a4ba97","{1}{B}{G}","Legendary Creature — Gorgon Assassin","BG","normal","deferred","oracle-needs-explicit-semantics",""
"Wall of Caltrops","20fa17d4-9c3e-470b-9993-a4a2799e33d1","{1}{W}","Creature — Wall","W","normal","deferred","oracle-needs-explicit-semantics",""
"Wall of Shadows","0e6ff89e-9ae7-4dc3-98b7-05401c5df266","{1}{B}{B}","Creature — Wall","B","normal","deferred","oracle-needs-explicit-semantics",""
"Wall of Shields","530514d9-7274-4835-a4b5-6dccef4da758","{3}","Artifact Creature — Wall","","normal","deferred","oracle-needs-explicit-semantics",""
"Wan Shi Tong, All-Knowing","6927bd2e-cb05-487a-af86-89ede6e8dabd","{3}{U}{U}","Legendary Creature — Bird Spirit","U","normal","deferred","oracle-needs-explicit-semantics",""
"War Elephant","2b7c9fe0-5a23-4172-b31f-b0d85cd465f6","{3}{W}","Creature — Elephant","W","normal","deferred","oracle-needs-explicit-semantics",""
"War's Toll","ba4e4afb-24bb-47de-aba8-89d21b11d45c","{3}{R}","Enchantment","R","normal","deferred","noncreature-needs-explicit-semantics",""
"Waterbender's Restoration","285046f6-b3c4-4eb7-8712-9dffebabc762","{U}{U}","Instant — Lesson","U","normal","deferred","spell-needs-explicit-semantics",""
"Wee Champion","ad8b90c0-4c66-4fc6-a749-cd10e6deabdb","{R}","Creature — Minotaur Child Guest","R","normal","deferred","oracle-needs-explicit-semantics",""
"Weftwalking","08af6751-5848-47fb-95f5-57215e899460","{4}{U}{U}","Enchantment","U","normal","deferred","noncreature-needs-explicit-semantics",""
"Weird Angel Flame","2c925531-63f8-4a6b-bfe0-bb8cd5d0d63d","","Stickers","","normal","deferred","noncreature-needs-explicit-semantics",""
"Welcome to . . . // Jurassic Park","a4b37d16-95b3-4143-a0b2-ad9f2aba91f8","","Enchantment — Saga // Legendary Land","G","transform","deferred","double-faced-card-needs-complete-front-semantics",""
"Werewolf Lightning Mage","a72927dc-b633-4830-be39-40674ed74ef3","","Stickers","","normal","deferred","noncreature-needs-explicit-semantics",""
"Wernog, Rider's Chaplain","6cd03270-54cc-43e1-9b86-70c76960c841","{W}{B}","Legendary Creature — Human","BW","normal","deferred","oracle-needs-explicit-semantics",""
"Wheel of Misfortune","10aff3f6-8347-4e1b-b8e7-c204c9e46657","{2}{R}","Sorcery","R","normal","deferred","spell-needs-explicit-semantics",""
"Wheel of Potential","95a7db5d-26f6-4192-9dc7-4342f7e0e9c5","{2}{R}","Sorcery","R","normal","deferred","spell-needs-explicit-semantics",""
"Whim of Volrath","51a20c9f-68d2-471b-8622-67d481b53b92","{U}","Instant","U","normal","deferred","spell-needs-explicit-semantics",""
"Whip Vine","4e90ddce-1765-44e4-9b3c-e576f3a1bcd4","{2}{G}","Creature — Plant Wall","G","normal","deferred","oracle-needs-explicit-semantics",""
"Whippoorwill","84050a10-e1f1-413e-aa21-5c1f47bb2a64","{G}","Creature — Bird","G","normal","deferred","oracle-needs-explicit-semantics",""
"Whispergear Sneak","e40daee2-f9e6-489f-b3dd-274e5a6b8604","{1}","Artifact Creature — Construct","","normal","deferred","oracle-needs-explicit-semantics",""
"Whispering Specter","18d270bf-d0d3-4fac-a8d2-5f920e789bb5","{1}{B}{B}","Creature — Phyrexian Specter","B","normal","deferred","oracle-needs-explicit-semantics",""
"Wicker Picker","15a71d11-da00-4c1a-bf64-ec3f627ed6a3","{3}","Artifact Creature — Scarecrow Guest","","normal","deferred","oracle-needs-explicit-semantics",""
"Wild Ogre Bupkis","578c23d2-225f-4488-be7f-4abe38297bde","","Stickers","","normal","deferred","noncreature-needs-explicit-semantics",""
"Windshaper Planetar","c47050c2-9b46-427e-85d6-058fd6a61e67","{4}{W}","Creature — Angel","W","normal","deferred","oracle-needs-explicit-semantics",""
"Winter's Chill","ae78d498-11c7-427f-9d13-3f1b7096f803","{X}{U}","Instant","U","normal","deferred","spell-needs-explicit-semantics",""
"Winter, Misanthropic Guide","5a9baafb-bffd-4e28-bbe1-b4154cd86bf3","{1}{B}{R}{G}","Legendary Creature — Human Warlock","BGR","normal","deferred","oracle-needs-explicit-semantics",""
"Wish","2ccbf0ee-c856-4f67-8579-811fe8571a2e","{2}{R}","Sorcery","R","normal","deferred","spell-needs-explicit-semantics",""
"Witch-king of Angmar","2eb1b429-8d11-42f3-8815-5a60b6a4e2d5","{3}{B}{B}","Legendary Creature — Wraith Noble","B","normal","deferred","oracle-needs-explicit-semantics",""
"Wizard's Spellbook","740fe41a-16bb-4c97-a03c-f678f15a0a0c","{5}{U}{U}","Artifact — Book","U","normal","deferred","noncreature-needs-explicit-semantics",""
"Wizards of the _____","786b0b50-adc7-4d58-b578-1e80680b89bd","{2}{U}{U}","Creature — Human Wizard Performer","U","normal","deferred","oracle-needs-explicit-semantics",""
"Wolf in _____ Clothing","58c9454b-7027-48f4-9e17-310e27b916d1","{3}{B}","Creature — Wolf Guest","B","normal","deferred","oracle-needs-explicit-semantics",""
"Wolf of Devil's Breach","453e72bf-a682-4ec8-9cdd-799f2acb3862","{3}{R}{R}","Creature — Elemental Wolf","R","normal","deferred","oracle-needs-explicit-semantics",""
"Wolverine, Best There Is","6e53a43e-5a23-4057-9bb5-281508da57af","{1}{R}{G}","Legendary Creature — Mutant Berserker Hero","GR","normal","deferred","oracle-needs-explicit-semantics",""
"Wolverine, Fierce Fighter","8429ba6a-6c06-4a83-a6ee-023b64b825f8","{2}{R}{G}","Legendary Creature — Mutant Berserker Hero","GR","normal","deferred","oracle-needs-explicit-semantics",""
"Wonder Man, Hollywood Hero","e2c49754-711e-43b3-82f1-5376a4d99701","{3}{R}{R}","Legendary Creature — Human Performer Hero","R","normal","deferred","oracle-needs-explicit-semantics",""
"World War Hulk","8c4da760-8913-46ca-b00c-bba6d877d482","{3}{G}{G}","Enchantment — Saga","G","saga","deferred","saga-chapter-needs-complete-semantics-v21",""
"World at War","02a8a5cc-62ce-4ae5-aa7d-760124af7d7b","{3}{R}{R}","Sorcery","R","normal","deferred","spell-needs-explicit-semantics",""
"Worms of the Earth","9638ec0c-c8bf-4aa5-a7ca-8677e4b9f241","{2}{B}{B}{B}","Enchantment","B","normal","deferred","noncreature-needs-explicit-semantics",""
"Wrinkly Monkey Shenanigans","f7016cec-bb17-4f56-bf8e-3d8c83e6e41b","","Stickers","","normal","deferred","noncreature-needs-explicit-semantics",""
"Wyll's Reversal","8d35cef8-a52d-45fb-8f5f-cccea26826d0","{2}{R}","Instant","R","normal","deferred","spell-needs-explicit-semantics",""
"Xanathar, Guild Kingpin","1a168ba5-8e11-41dd-8f8a-8cb23bbde056","{4}{U}{B}","Legendary Creature — Beholder","BU","normal","deferred","oracle-needs-explicit-semantics",""
"Xathrid Gorgon","1e65fac0-23fc-4a32-bd36-4e3f7ebfe33d","{5}{B}","Creature — Gorgon","B","normal","deferred","oracle-needs-explicit-semantics",""
"Xenosquirrels","d5c54df9-437e-46e1-94cf-91d9f1d343b6","{1}{B}","Creature — Alien Squirrel","B","normal","deferred","oracle-needs-explicit-semantics",""
"Xira, the Golden Sting","18d0e6e1-3824-465d-9245-21e0174f551f","{1}{B}{R}{G}","Legendary Creature — Insect Assassin","BGR","normal","deferred","oracle-needs-explicit-semantics",""
"Y'shtola Rhul","a6a7bf77-0560-4572-a826-3bc9df1f78d1","{4}{U}{U}","Legendary Creature — Cat Druid","U","normal","deferred","oracle-needs-explicit-semantics",""
"Yarus, Roar of the Old Gods","30fd6171-3e57-4c05-a86b-e1c0479ba236","{2}{R}{G}","Legendary Creature — Centaur Druid","GR","normal","deferred","oracle-needs-explicit-semantics",""
"Yasharn, Implacable Earth","6dc23410-4d8f-4c8a-92b4-a8b3fae1af4e","{2}{G}{W}","Legendary Creature — Elemental Boar","GW","normal","deferred","oracle-needs-explicit-semantics",""
"Yawgmoth Merfolk Soul","4c02ee30-8681-45ed-adb5-edf06409eee4","","Stickers","","normal","deferred","noncreature-needs-explicit-semantics",""
"Yidaro, Wandering Monster","6c0e22f2-f0f3-43e6-87c5-c543032112d8","{5}{R}{R}","Legendary Creature — Dinosaur Turtle","R","normal","deferred","oracle-needs-explicit-semantics",""
"Yixlid Jailer","1f55303e-1369-4e42-9ed4-36609887c7c1","{1}{B}","Creature — Zombie Wizard","B","normal","deferred","oracle-needs-explicit-semantics",""
"Yorion, Sky Nomad","e15504a7-2b67-4185-b916-172145f10b19","{3}{W/U}{W/U}","Legendary Creature — Bird Serpent","UW","normal","deferred","oracle-needs-explicit-semantics",""
"Yurlok of Scorch Thrash","7baaf462-b0e6-4e21-86a7-73a883c4c9f7","{1}{B}{R}{G}","Legendary Creature — Lizard Shaman","BGR","normal","deferred","oracle-needs-explicit-semantics",""
"Zabaz, the Glimmerwasp","549dc9f3-1fda-4ad3-87bc-8a990800380b","{1}","Legendary Artifact Creature — Insect","RW","normal","deferred","oracle-needs-explicit-semantics",""
"Zareth San, the Trickster","a316b0ce-1f63-4a8e-9a6e-bfbe03ca4e9e","{3}{U}{B}","Legendary Creature — Merfolk Rogue","BU","normal","deferred","oracle-needs-explicit-semantics",""
"Zenos yae Galvus // Shinryu, Transcendent Rival","8f52fc65-a914-421a-9426-21eb520d55d5","","Legendary Creature — Human Noble Warrior // Legendary Creature — Dragon","B","transform","deferred","double-faced-card-needs-complete-front-semantics",""
"Zethi, Arcane Blademaster","ac136d46-32b7-4222-a840-b8be011c1872","{1}{W}{U}","Legendary Creature — Human Soldier","UW","normal","deferred","oracle-needs-explicit-semantics",""
"Zevlor, Elturel Exile","0c85a577-db82-4a36-bc42-49644eba1cf2","{1}{U}{B}{R}","Legendary Creature — Tiefling Warrior","BRU","normal","deferred","oracle-needs-explicit-semantics",""
"Ziatora's Envoy","93fe1d5b-3ab3-431a-9d78-175550ba9d43","{1}{B}{R}{G}","Creature — Lizard Warrior","BGR","normal","deferred","oracle-needs-explicit-semantics",""
"Zidane, Tantalus Thief","f267fb54-1881-464c-81af-9e03c3f3b41d","{3}{R}{W}","Legendary Creature — Human Mutant Scout","RW","normal","deferred","oracle-needs-explicit-semantics",""
"Zilortha, Strength Incarnate","2dba8d8d-891e-482e-8014-879f701d0619","{3}{R}{G}","Legendary Creature — Dinosaur","GR","normal","deferred","oracle-needs-explicit-semantics",""
"Zirda, the Dawnwaker","7b515c56-7b1e-42a8-82b0-1b30201fb162","{1}{R/W}{R/W}","Legendary Creature — Elemental Fox","RW","normal","deferred","oracle-needs-explicit-semantics",""
"Zombie Cheese Magician","786bdf20-b1f1-40f7-acd0-8dcb46da2bb0","","Stickers","","normal","deferred","noncreature-needs-explicit-semantics",""
"Zoyowa's Justice","17e11f0c-4ac7-4060-9e0b-27cd5c151e50","{1}{R}","Instant","R","normal","deferred","spell-needs-explicit-semantics",""
"Zuko, Conflicted","b5fd82b9-77de-4358-9ce7-915cc809a889","{B}{R}","Legendary Creature — Human Rogue","BR","normal","deferred","oracle-needs-explicit-semantics",""
"Zuko, Firebending Master","33db6dc8-2c88-4a7f-8d4d-3bc9fb6544b2","{1}{R}","Legendary Creature — Human Noble Ally","R","normal","deferred","oracle-needs-explicit-semantics",""
"Zurgo and Ojutai","941c9acd-2773-456a-88d5-0537735f93c6","{2}{U}{R}{W}","Legendary Creature — Orc Dragon","RUW","normal","deferred","oracle-needs-explicit-semantics",""
"_____ Balls of Fire","82c2a58b-0ee2-454b-9ddd-670c1e788166","{3}{R}","Enchantment","R","normal","deferred","noncreature-needs-explicit-semantics",""
"_____ Bird Gets the Worm","2ce375c8-7c37-40b3-95cf-e0aa958bb317","{3}{W}{W}","Creature — Bird Guest","W","normal","deferred","oracle-needs-explicit-semantics",""
"_____ Goblin","88222fd2-8316-426c-8218-64f6be5ca0f8","{2}{R}","Creature — Goblin Guest","R","normal","deferred","oracle-needs-explicit-semantics",""
"_____ _____ Rocketship","1009f979-b1fa-4427-bf9e-2a533a4ca19b","{4}","Artifact — Vehicle","","normal","deferred","noncreature-needs-explicit-semantics",""
"_____ _____ _____ Trespasser","75854e14-5f15-443d-b342-b27fc3ab4b6e","{1}{U}","Creature — Human Rogue Guest","U","normal","deferred","oracle-needs-explicit-semantics",""
"_____-o-saurus","32921952-8846-418d-8689-c42dbc24a7b8","{4}{G}{G}","Creature — Alien Dinosaur","G","normal","deferred","oracle-needs-explicit-semantics",""
